DROP DATABASE IF EXISTS breeze_boot;
CREATE DATABASE breeze_boot DEFAULT CHARACTER SET utf8mb4 COLLATE utf8mb4_general_ci;

USE breeze_boot;

SET NAMES utf8mb4;
SET FOREIGN_KEY_CHECKS = 0;

-- ----------------------------
-- Table structure for qrtz_blob_triggers
-- ----------------------------
DROP TABLE IF EXISTS `qrtz_blob_triggers`;
CREATE TABLE `qrtz_blob_triggers`
(
    `SCHED_NAME`    varchar(120) CHARACTER SET utf8mb4 COLLATE utf8mb4_general_ci NOT NULL,
    `TRIGGER_NAME`  varchar(200) CHARACTER SET utf8mb4 COLLATE utf8mb4_general_ci NOT NULL,
    `TRIGGER_GROUP` varchar(200) CHARACTER SET utf8mb4 COLLATE utf8mb4_general_ci NOT NULL,
    `BLOB_DATA`     blob NULL,
    PRIMARY KEY (`SCHED_NAME`, `TRIGGER_NAME`, `TRIGGER_GROUP`) USING BTREE,
    INDEX           `SCHED_NAME`(`SCHED_NAME`, `TRIGGER_NAME`, `TRIGGER_GROUP`) USING BTREE,
    CONSTRAINT `qrtz_blob_triggers_ibfk_1` FOREIGN KEY (`SCHED_NAME`, `TRIGGER_NAME`, `TRIGGER_GROUP`) REFERENCES `qrtz_triggers` (`SCHED_NAME`, `TRIGGER_NAME`, `TRIGGER_GROUP`) ON DELETE RESTRICT ON UPDATE RESTRICT
) ENGINE = InnoDB CHARACTER SET = utf8mb4 COLLATE = utf8mb4_general_ci ROW_FORMAT = Dynamic;

-- ----------------------------
-- Table structure for qrtz_calendars
-- ----------------------------
DROP TABLE IF EXISTS `qrtz_calendars`;
CREATE TABLE `qrtz_calendars`
(
    `SCHED_NAME`    varchar(120) CHARACTER SET utf8mb4 COLLATE utf8mb4_general_ci NOT NULL,
    `CALENDAR_NAME` varchar(200) CHARACTER SET utf8mb4 COLLATE utf8mb4_general_ci NOT NULL,
    `CALENDAR`      blob                                                          NOT NULL,
    PRIMARY KEY (`SCHED_NAME`, `CALENDAR_NAME`) USING BTREE
) ENGINE = InnoDB CHARACTER SET = utf8mb4 COLLATE = utf8mb4_general_ci ROW_FORMAT = Dynamic;

-- ----------------------------
-- Table structure for qrtz_cron_triggers
-- ----------------------------
DROP TABLE IF EXISTS `qrtz_cron_triggers`;
CREATE TABLE `qrtz_cron_triggers`
(
    `SCHED_NAME`      varchar(120) CHARACTER SET utf8mb4 COLLATE utf8mb4_general_ci NOT NULL,
    `TRIGGER_NAME`    varchar(200) CHARACTER SET utf8mb4 COLLATE utf8mb4_general_ci NOT NULL,
    `TRIGGER_GROUP`   varchar(200) CHARACTER SET utf8mb4 COLLATE utf8mb4_general_ci NOT NULL,
    `CRON_EXPRESSION` varchar(120) CHARACTER SET utf8mb4 COLLATE utf8mb4_general_ci NOT NULL,
    `TIME_ZONE_ID`    varchar(80) CHARACTER SET utf8mb4 COLLATE utf8mb4_general_ci NULL DEFAULT NULL,
    PRIMARY KEY (`SCHED_NAME`, `TRIGGER_NAME`, `TRIGGER_GROUP`) USING BTREE,
    CONSTRAINT `qrtz_cron_triggers_ibfk_1` FOREIGN KEY (`SCHED_NAME`, `TRIGGER_NAME`, `TRIGGER_GROUP`) REFERENCES `qrtz_triggers` (`SCHED_NAME`, `TRIGGER_NAME`, `TRIGGER_GROUP`) ON DELETE RESTRICT ON UPDATE RESTRICT
) ENGINE = InnoDB CHARACTER SET = utf8mb4 COLLATE = utf8mb4_general_ci ROW_FORMAT = Dynamic;

-- ----------------------------
-- Records of qrtz_cron_triggers
-- ----------------------------
INSERT INTO `qrtz_cron_triggers`
VALUES ('clusteredScheduler', '1565314987957145601:TRIGGER_NAME', 'DEFAULT', '*/10 * * * * ?', 'Asia/Shanghai');
INSERT INTO `qrtz_cron_triggers`
VALUES ('clusteredScheduler', '1565314987957145602:TRIGGER_NAME', 'DEFAULT', '*/20 * * * * ?', 'Asia/Shanghai');
INSERT INTO `qrtz_cron_triggers`
VALUES ('clusteredScheduler', '1565314987957145603:TRIGGER_NAME', 'DEFAULT', '*/15 * * * * ?', 'Asia/Shanghai');
INSERT INTO `qrtz_cron_triggers`
VALUES ('clusteredScheduler', '9223372036854775807:TRIGGER_NAME', 'DEFAULT', '*/3 * * * * ?', 'Asia/Shanghai');

-- ----------------------------
-- Table structure for qrtz_fired_triggers
-- ----------------------------
DROP TABLE IF EXISTS `qrtz_fired_triggers`;
CREATE TABLE `qrtz_fired_triggers`
(
    `SCHED_NAME`        varchar(120) CHARACTER SET utf8mb4 COLLATE utf8mb4_general_ci NOT NULL,
    `ENTRY_ID`          varchar(95) CHARACTER SET utf8mb4 COLLATE utf8mb4_general_ci  NOT NULL,
    `TRIGGER_NAME`      varchar(200) CHARACTER SET utf8mb4 COLLATE utf8mb4_general_ci NOT NULL,
    `TRIGGER_GROUP`     varchar(200) CHARACTER SET utf8mb4 COLLATE utf8mb4_general_ci NOT NULL,
    `INSTANCE_NAME`     varchar(200) CHARACTER SET utf8mb4 COLLATE utf8mb4_general_ci NOT NULL,
    `FIRED_TIME`        bigint(13) NOT NULL,
    `SCHED_TIME`        bigint(13) NOT NULL,
    `PRIORITY`          int(11) NOT NULL,
    `STATE`             varchar(16) CHARACTER SET utf8mb4 COLLATE utf8mb4_general_ci  NOT NULL,
    `JOB_NAME`          varchar(200) CHARACTER SET utf8mb4 COLLATE utf8mb4_general_ci NULL DEFAULT NULL,
    `JOB_GROUP`         varchar(200) CHARACTER SET utf8mb4 COLLATE utf8mb4_general_ci NULL DEFAULT NULL,
    `IS_NONCONCURRENT`  varchar(1) CHARACTER SET utf8mb4 COLLATE utf8mb4_general_ci NULL DEFAULT NULL,
    `REQUESTS_RECOVERY` varchar(1) CHARACTER SET utf8mb4 COLLATE utf8mb4_general_ci NULL DEFAULT NULL,
    PRIMARY KEY (`SCHED_NAME`, `ENTRY_ID`) USING BTREE,
    INDEX               `IDX_QRTZ_FT_TRIG_INST_NAME`(`SCHED_NAME`, `INSTANCE_NAME`) USING BTREE,
    INDEX               `IDX_QRTZ_FT_INST_JOB_REQ_RCVRY`(`SCHED_NAME`, `INSTANCE_NAME`, `REQUESTS_RECOVERY`) USING BTREE,
    INDEX               `IDX_QRTZ_FT_J_G`(`SCHED_NAME`, `JOB_NAME`, `JOB_GROUP`) USING BTREE,
    INDEX               `IDX_QRTZ_FT_JG`(`SCHED_NAME`, `JOB_GROUP`) USING BTREE,
    INDEX               `IDX_QRTZ_FT_T_G`(`SCHED_NAME`, `TRIGGER_NAME`, `TRIGGER_GROUP`) USING BTREE,
    INDEX               `IDX_QRTZ_FT_TG`(`SCHED_NAME`, `TRIGGER_GROUP`) USING BTREE
) ENGINE = InnoDB CHARACTER SET = utf8mb4 COLLATE = utf8mb4_general_ci ROW_FORMAT = Dynamic;

-- ----------------------------
-- Table structure for qrtz_job_details
-- ----------------------------
DROP TABLE IF EXISTS `qrtz_job_details`;
CREATE TABLE `qrtz_job_details`
(
    `SCHED_NAME`        varchar(120) CHARACTER SET utf8mb4 COLLATE utf8mb4_general_ci NOT NULL,
    `JOB_NAME`          varchar(200) CHARACTER SET utf8mb4 COLLATE utf8mb4_general_ci NOT NULL,
    `JOB_GROUP`         varchar(200) CHARACTER SET utf8mb4 COLLATE utf8mb4_general_ci NOT NULL,
    `DESCRIPTION`       varchar(250) CHARACTER SET utf8mb4 COLLATE utf8mb4_general_ci NULL DEFAULT NULL,
    `JOB_CLASS_NAME`    varchar(250) CHARACTER SET utf8mb4 COLLATE utf8mb4_general_ci NOT NULL,
    `IS_DURABLE`        varchar(1) CHARACTER SET utf8mb4 COLLATE utf8mb4_general_ci   NOT NULL,
    `IS_NONCONCURRENT`  varchar(1) CHARACTER SET utf8mb4 COLLATE utf8mb4_general_ci   NOT NULL,
    `IS_UPDATE_DATA`    varchar(1) CHARACTER SET utf8mb4 COLLATE utf8mb4_general_ci   NOT NULL,
    `REQUESTS_RECOVERY` varchar(1) CHARACTER SET utf8mb4 COLLATE utf8mb4_general_ci   NOT NULL,
    `JOB_DATA`          blob NULL,
    PRIMARY KEY (`SCHED_NAME`, `JOB_NAME`, `JOB_GROUP`) USING BTREE,
    INDEX               `IDX_QRTZ_J_REQ_RECOVERY`(`SCHED_NAME`, `REQUESTS_RECOVERY`) USING BTREE,
    INDEX               `IDX_QRTZ_J_GRP`(`SCHED_NAME`, `JOB_GROUP`) USING BTREE
) ENGINE = InnoDB CHARACTER SET = utf8mb4 COLLATE = utf8mb4_general_ci ROW_FORMAT = Dynamic;

-- ----------------------------
-- Records of qrtz_job_details
-- ----------------------------
INSERT INTO `qrtz_job_details`
VALUES ('clusteredScheduler', '1565314987957145601:JOB_NAME', 'DEFAULT', NULL,
        'com.breeze.boot.quartz.conf.DisallowConcurrentExecutionJob', '0', '1', '0', '0',
        0xACED0005737200156F72672E71756172747A2E4A6F62446174614D61709FB083E8BFA9B0CB020000787200266F72672E71756172747A2E7574696C732E537472696E674B65794469727479466C61674D61708208E8C3FBC55D280200015A0013616C6C6F77735472616E7369656E74446174617872001D6F72672E71756172747A2E7574696C732E4469727479466C61674D617013E62EAD28760ACE0200025A000564697274794C00036D617074000F4C6A6176612F7574696C2F4D61703B787001737200116A6176612E7574696C2E486173684D61700507DAC1C31660D103000246000A6C6F6164466163746F724900097468726573686F6C6478703F4000000000000C770800000010000000017400084A4F425F444154417372002A636F6D2E627265657A652E626F6F742E71756172747A2E646F6D61696E2E53797351756172747A4A6F6200000000000000010200074C0009636C617A7A4E616D657400124C6A6176612F6C616E672F537472696E673B4C000A636F6E63757272656E747400134C6A6176612F6C616E672F496E74656765723B4C000E63726F6E45787072657373696F6E71007E00094C000C6A6F6247726F75704E616D6571007E00094C00076A6F624E616D6571007E00094C000D6D697366697265506F6C69637971007E000A4C000673746174757371007E000A78720023636F6D2E627265657A652E626F6F742E636F72652E626173652E426173654D6F64656CA0CB7674700FCCDB0200094C0008637265617465427971007E00094C000A6372656174654E616D6571007E00094C000A63726561746554696D657400194C6A6176612F74696D652F4C6F63616C4461746554696D653B4C000864656C657465427971007E00094C000269647400104C6A6176612F6C616E672F4C6F6E673B4C0008697344656C65746571007E000A4C0008757064617465427971007E00094C000A7570646174654E616D6571007E00094C000A75706461746554696D6571007E000C78720035636F6D2E62616F6D69646F752E6D796261746973706C75732E657874656E73696F6E2E6163746976657265636F72642E4D6F64656C00000000000000010200007870707070707372000E6A6176612E6C616E672E4C6F6E673B8BE490CC8F23DF0200014A000576616C7565787200106A6176612E6C616E672E4E756D62657286AC951D0B94E08B020000787015B91DB02AC7D001737200116A6176612E6C616E672E496E746567657212E2A0A4F781873802000149000576616C75657871007E001100000000707070740032627265657A654A6F62732E64656D6F4A6F62282274657374222C20312C2033442C20344C2C20747275652C2066616C73652971007E001474000E2A2F3130202A202A202A202A203F74000744454641554C54740020E6A0B7E4BE8B2D4265616EE5908DE4BA94E7A78DE4B88DE5908CE58F82E695B07371007E00130000000171007E00147800);
INSERT INTO `qrtz_job_details`
VALUES ('clusteredScheduler', '1565314987957145602:JOB_NAME', 'DEFAULT', NULL,
        'com.breeze.boot.quartz.conf.DisallowConcurrentExecutionJob', '0', '1', '0', '0',
        0xACED0005737200156F72672E71756172747A2E4A6F62446174614D61709FB083E8BFA9B0CB020000787200266F72672E71756172747A2E7574696C732E537472696E674B65794469727479466C61674D61708208E8C3FBC55D280200015A0013616C6C6F77735472616E7369656E74446174617872001D6F72672E71756172747A2E7574696C732E4469727479466C61674D617013E62EAD28760ACE0200025A000564697274794C00036D617074000F4C6A6176612F7574696C2F4D61703B787001737200116A6176612E7574696C2E486173684D61700507DAC1C31660D103000246000A6C6F6164466163746F724900097468726573686F6C6478703F4000000000000C770800000010000000017400084A4F425F444154417372002A636F6D2E627265657A652E626F6F742E71756172747A2E646F6D61696E2E53797351756172747A4A6F6200000000000000010200074C0009636C617A7A4E616D657400124C6A6176612F6C616E672F537472696E673B4C000A636F6E63757272656E747400134C6A6176612F6C616E672F496E74656765723B4C000E63726F6E45787072657373696F6E71007E00094C000C6A6F6247726F75704E616D6571007E00094C00076A6F624E616D6571007E00094C000D6D697366697265506F6C69637971007E000A4C000673746174757371007E000A78720023636F6D2E627265657A652E626F6F742E636F72652E626173652E426173654D6F64656CA0CB7674700FCCDB0200094C0008637265617465427971007E00094C000A6372656174654E616D6571007E00094C000A63726561746554696D657400194C6A6176612F74696D652F4C6F63616C4461746554696D653B4C000864656C657465427971007E00094C000269647400104C6A6176612F6C616E672F4C6F6E673B4C0008697344656C65746571007E000A4C0008757064617465427971007E00094C000A7570646174654E616D6571007E00094C000A75706461746554696D6571007E000C78720035636F6D2E62616F6D69646F752E6D796261746973706C75732E657874656E73696F6E2E6163746976657265636F72642E4D6F64656C00000000000000010200007870707070707372000E6A6176612E6C616E672E4C6F6E673B8BE490CC8F23DF0200014A000576616C7565787200106A6176612E6C616E672E4E756D62657286AC951D0B94E08B020000787015B91DB02AC7D002737200116A6176612E6C616E672E496E746567657212E2A0A4F781873802000149000576616C75657871007E00110000000070707074001A627265657A654A6F62732E64656D6F4A6F62282274657374222971007E001474000E2A2F3230202A202A202A202A203F74000744454641554C54740020E6A0B7E4BE8B2D4265616EE5908DE8B083E794A8E58D95E4B8AAE58F82E695B07371007E00130000000271007E00147800);
INSERT INTO `qrtz_job_details`
VALUES ('clusteredScheduler', '1565314987957145603:JOB_NAME', 'DEFAULT', NULL,
        'com.breeze.boot.quartz.conf.DisallowConcurrentExecutionJob', '0', '1', '0', '0',
        0xACED0005737200156F72672E71756172747A2E4A6F62446174614D61709FB083E8BFA9B0CB020000787200266F72672E71756172747A2E7574696C732E537472696E674B65794469727479466C61674D61708208E8C3FBC55D280200015A0013616C6C6F77735472616E7369656E74446174617872001D6F72672E71756172747A2E7574696C732E4469727479466C61674D617013E62EAD28760ACE0200025A000564697274794C00036D617074000F4C6A6176612F7574696C2F4D61703B787001737200116A6176612E7574696C2E486173684D61700507DAC1C31660D103000246000A6C6F6164466163746F724900097468726573686F6C6478703F4000000000000C770800000010000000017400084A4F425F444154417372002A636F6D2E627265657A652E626F6F742E71756172747A2E646F6D61696E2E53797351756172747A4A6F6200000000000000010200074C0009636C617A7A4E616D657400124C6A6176612F6C616E672F537472696E673B4C000A636F6E63757272656E747400134C6A6176612F6C616E672F496E74656765723B4C000E63726F6E45787072657373696F6E71007E00094C000C6A6F6247726F75704E616D6571007E00094C00076A6F624E616D6571007E00094C000D6D697366697265506F6C69637971007E000A4C000673746174757371007E000A78720023636F6D2E627265657A652E626F6F742E636F72652E626173652E426173654D6F64656CA0CB7674700FCCDB0200094C0008637265617465427971007E00094C000A6372656174654E616D6571007E00094C000A63726561746554696D657400194C6A6176612F74696D652F4C6F63616C4461746554696D653B4C000864656C657465427971007E00094C000269647400104C6A6176612F6C616E672F4C6F6E673B4C0008697344656C65746571007E000A4C0008757064617465427971007E00094C000A7570646174654E616D6571007E00094C000A75706461746554696D6571007E000C78720035636F6D2E62616F6D69646F752E6D796261746973706C75732E657874656E73696F6E2E6163746976657265636F72642E4D6F64656C00000000000000010200007870707070707372000E6A6176612E6C616E672E4C6F6E673B8BE490CC8F23DF0200014A000576616C7565787200106A6176612E6C616E672E4E756D62657286AC951D0B94E08B020000787015B91DB02AC7D003737200116A6176612E6C616E672E496E746567657212E2A0A4F781873802000149000576616C75657871007E00110000000070707074004E636F6D2E627265657A652E636C6F75642E71756172747A2E6A6F622E427265657A654A6F62732E64656D6F4A6F62282274657374222C20312C2033442C20344C2C20747275652C2066616C73652971007E001474000E2A2F3135202A202A202A202A203F74000744454641554C54740023E6A0B7E4BE8B2DE585A8E7B1BBE5908D2DE4BA94E7A78DE4B88DE5908CE58F82E695B07371007E0013FFFFFFFF71007E00147800);
INSERT INTO `qrtz_job_details`
VALUES ('clusteredScheduler', '9223372036854775807:JOB_NAME', 'DEFAULT', NULL,
        'com.breeze.boot.quartz.conf.DisallowConcurrentExecutionJob', '0', '1', '0', '0',
        0xACED0005737200156F72672E71756172747A2E4A6F62446174614D61709FB083E8BFA9B0CB020000787200266F72672E71756172747A2E7574696C732E537472696E674B65794469727479466C61674D61708208E8C3FBC55D280200015A0013616C6C6F77735472616E7369656E74446174617872001D6F72672E71756172747A2E7574696C732E4469727479466C61674D617013E62EAD28760ACE0200025A000564697274794C00036D617074000F4C6A6176612F7574696C2F4D61703B787001737200116A6176612E7574696C2E486173684D61700507DAC1C31660D103000246000A6C6F6164466163746F724900097468726573686F6C6478703F4000000000000C770800000010000000017400084A4F425F444154417372002A636F6D2E627265657A652E626F6F742E71756172747A2E646F6D61696E2E53797351756172747A4A6F6200000000000000010200074C0009636C617A7A4E616D657400124C6A6176612F6C616E672F537472696E673B4C000A636F6E63757272656E747400134C6A6176612F6C616E672F496E74656765723B4C000E63726F6E45787072657373696F6E71007E00094C000C6A6F6247726F75704E616D6571007E00094C00076A6F624E616D6571007E00094C000D6D697366697265506F6C69637971007E000A4C000673746174757371007E000A78720023636F6D2E627265657A652E626F6F742E636F72652E626173652E426173654D6F64656CA0CB7674700FCCDB0200094C0008637265617465427971007E00094C000A6372656174654E616D6571007E00094C000A63726561746554696D657400194C6A6176612F74696D652F4C6F63616C4461746554696D653B4C000864656C657465427971007E00094C000269647400104C6A6176612F6C616E672F4C6F6E673B4C0008697344656C65746571007E000A4C0008757064617465427971007E00094C000A7570646174654E616D6571007E00094C000A75706461746554696D6571007E000C78720035636F6D2E62616F6D69646F752E6D796261746973706C75732E657874656E73696F6E2E6163746976657265636F72642E4D6F64656C00000000000000010200007870707070707372000E6A6176612E6C616E672E4C6F6E673B8BE490CC8F23DF0200014A000576616C7565787200106A6176612E6C616E672E4E756D62657286AC951D0B94E08B02000078707FFFFFFFFFFFFFFF737200116A6176612E6C616E672E496E746567657212E2A0A4F781873802000149000576616C75657871007E001100000000707070740036636F6D2E627265657A652E636C6F75642E71756172747A2E6A6F622E427265657A654A6F62732E64656D6F4A6F62282274657374222971007E001474000D2A2F33202A202A202A202A203F74000744454641554C5474001DE6A0B7E4BE8B2DE585A8E7B1BBE5908D2DE58D95E4B8AAE58F82E695B07371007E00130000000171007E00147800);

-- ----------------------------
-- Table structure for qrtz_locks
-- ----------------------------
DROP TABLE IF EXISTS `qrtz_locks`;
CREATE TABLE `qrtz_locks`
(
    `SCHED_NAME` varchar(120) CHARACTER SET utf8mb4 COLLATE utf8mb4_general_ci NOT NULL,
    `LOCK_NAME`  varchar(40) CHARACTER SET utf8mb4 COLLATE utf8mb4_general_ci  NOT NULL,
    PRIMARY KEY (`SCHED_NAME`, `LOCK_NAME`) USING BTREE
) ENGINE = InnoDB CHARACTER SET = utf8mb4 COLLATE = utf8mb4_general_ci ROW_FORMAT = Dynamic;

-- ----------------------------
-- Records of qrtz_locks
-- ----------------------------
INSERT INTO `qrtz_locks`
VALUES ('clusteredScheduler', 'STATE_ACCESS');
INSERT INTO `qrtz_locks`
VALUES ('clusteredScheduler', 'TRIGGER_ACCESS');

-- ----------------------------
-- Table structure for qrtz_paused_trigger_grps
-- ----------------------------
DROP TABLE IF EXISTS `qrtz_paused_trigger_grps`;
CREATE TABLE `qrtz_paused_trigger_grps`
(
    `SCHED_NAME`    varchar(120) CHARACTER SET utf8mb4 COLLATE utf8mb4_general_ci NOT NULL,
    `TRIGGER_GROUP` varchar(200) CHARACTER SET utf8mb4 COLLATE utf8mb4_general_ci NOT NULL,
    PRIMARY KEY (`SCHED_NAME`, `TRIGGER_GROUP`) USING BTREE
) ENGINE = InnoDB CHARACTER SET = utf8mb4 COLLATE = utf8mb4_general_ci ROW_FORMAT = Dynamic;

-- ----------------------------
-- Table structure for qrtz_scheduler_state
-- ----------------------------
DROP TABLE IF EXISTS `qrtz_scheduler_state`;
CREATE TABLE `qrtz_scheduler_state`
(
    `SCHED_NAME`        varchar(120) CHARACTER SET utf8mb4 COLLATE utf8mb4_general_ci NOT NULL,
    `INSTANCE_NAME`     varchar(200) CHARACTER SET utf8mb4 COLLATE utf8mb4_general_ci NOT NULL,
    `LAST_CHECKIN_TIME` bigint(13) NOT NULL,
    `CHECKIN_INTERVAL`  bigint(13) NOT NULL,
    PRIMARY KEY (`SCHED_NAME`, `INSTANCE_NAME`) USING BTREE
) ENGINE = InnoDB CHARACTER SET = utf8mb4 COLLATE = utf8mb4_general_ci ROW_FORMAT = Dynamic;

-- ----------------------------
-- Records of qrtz_scheduler_state
-- ----------------------------
INSERT INTO `qrtz_scheduler_state`
VALUES ('clusteredScheduler', 'LAPTOP-FEJOU78J1688451113107', 1688456361412, 10000);

-- ----------------------------
-- Table structure for qrtz_simple_triggers
-- ----------------------------
DROP TABLE IF EXISTS `qrtz_simple_triggers`;
CREATE TABLE `qrtz_simple_triggers`
(
    `SCHED_NAME`      varchar(120) CHARACTER SET utf8mb4 COLLATE utf8mb4_general_ci NOT NULL,
    `TRIGGER_NAME`    varchar(200) CHARACTER SET utf8mb4 COLLATE utf8mb4_general_ci NOT NULL,
    `TRIGGER_GROUP`   varchar(200) CHARACTER SET utf8mb4 COLLATE utf8mb4_general_ci NOT NULL,
    `REPEAT_COUNT`    bigint(7) NOT NULL,
    `REPEAT_INTERVAL` bigint(12) NOT NULL,
    `TIMES_TRIGGERED` bigint(10) NOT NULL,
    PRIMARY KEY (`SCHED_NAME`, `TRIGGER_NAME`, `TRIGGER_GROUP`) USING BTREE,
    CONSTRAINT `qrtz_simple_triggers_ibfk_1` FOREIGN KEY (`SCHED_NAME`, `TRIGGER_NAME`, `TRIGGER_GROUP`) REFERENCES `qrtz_triggers` (`SCHED_NAME`, `TRIGGER_NAME`, `TRIGGER_GROUP`) ON DELETE RESTRICT ON UPDATE RESTRICT
) ENGINE = InnoDB CHARACTER SET = utf8mb4 COLLATE = utf8mb4_general_ci ROW_FORMAT = Dynamic;

-- ----------------------------
-- Table structure for qrtz_simprop_triggers
-- ----------------------------
DROP TABLE IF EXISTS `qrtz_simprop_triggers`;
CREATE TABLE `qrtz_simprop_triggers`
(
    `SCHED_NAME`    varchar(120) CHARACTER SET utf8mb4 COLLATE utf8mb4_general_ci NOT NULL,
    `TRIGGER_NAME`  varchar(200) CHARACTER SET utf8mb4 COLLATE utf8mb4_general_ci NOT NULL,
    `TRIGGER_GROUP` varchar(200) CHARACTER SET utf8mb4 COLLATE utf8mb4_general_ci NOT NULL,
    `STR_PROP_1`    varchar(512) CHARACTER SET utf8mb4 COLLATE utf8mb4_general_ci NULL DEFAULT NULL,
    `STR_PROP_2`    varchar(512) CHARACTER SET utf8mb4 COLLATE utf8mb4_general_ci NULL DEFAULT NULL,
    `STR_PROP_3`    varchar(512) CHARACTER SET utf8mb4 COLLATE utf8mb4_general_ci NULL DEFAULT NULL,
    `INT_PROP_1`    int(11) NULL DEFAULT NULL,
    `INT_PROP_2`    int(11) NULL DEFAULT NULL,
    `LONG_PROP_1`   bigint(20) NULL DEFAULT NULL,
    `LONG_PROP_2`   bigint(20) NULL DEFAULT NULL,
    `DEC_PROP_1`    decimal(13, 4) NULL DEFAULT NULL,
    `DEC_PROP_2`    decimal(13, 4) NULL DEFAULT NULL,
    `BOOL_PROP_1`   varchar(1) CHARACTER SET utf8mb4 COLLATE utf8mb4_general_ci NULL DEFAULT NULL,
    `BOOL_PROP_2`   varchar(1) CHARACTER SET utf8mb4 COLLATE utf8mb4_general_ci NULL DEFAULT NULL,
    PRIMARY KEY (`SCHED_NAME`, `TRIGGER_NAME`, `TRIGGER_GROUP`) USING BTREE,
    CONSTRAINT `qrtz_simprop_triggers_ibfk_1` FOREIGN KEY (`SCHED_NAME`, `TRIGGER_NAME`, `TRIGGER_GROUP`) REFERENCES `qrtz_triggers` (`SCHED_NAME`, `TRIGGER_NAME`, `TRIGGER_GROUP`) ON DELETE RESTRICT ON UPDATE RESTRICT
) ENGINE = InnoDB CHARACTER SET = utf8mb4 COLLATE = utf8mb4_general_ci ROW_FORMAT = Dynamic;

-- ----------------------------
-- Table structure for qrtz_task_history
-- ----------------------------
DROP TABLE IF EXISTS `qrtz_task_history`;
CREATE TABLE `qrtz_task_history`
(
    `SCHED_NAME`    varchar(120) CHARACTER SET utf8mb4 COLLATE utf8mb4_general_ci NOT NULL,
    `INSTANCE_ID`   varchar(200) CHARACTER SET utf8mb4 COLLATE utf8mb4_general_ci NOT NULL,
    `FIRE_ID`       varchar(95) CHARACTER SET utf8mb4 COLLATE utf8mb4_general_ci  NOT NULL,
    `TASK_NAME`     varchar(200) CHARACTER SET utf8mb4 COLLATE utf8mb4_general_ci NULL DEFAULT NULL,
    `TASK_GROUP`    varchar(200) CHARACTER SET utf8mb4 COLLATE utf8mb4_general_ci NULL DEFAULT NULL,
    `FIRED_TIME`    bigint(13) NULL DEFAULT NULL,
    `FIRED_WAY`     varchar(8) CHARACTER SET utf8mb4 COLLATE utf8mb4_general_ci NULL DEFAULT NULL,
    `COMPLETE_TIME` bigint(13) NULL DEFAULT NULL,
    `EXPEND_TIME`   bigint(13) NULL DEFAULT NULL,
    `REFIRED`       int(11) NULL DEFAULT NULL,
    `EXEC_STATE`    varchar(10) CHARACTER SET utf8mb4 COLLATE utf8mb4_general_ci NULL DEFAULT NULL,
    `LOG`           text CHARACTER SET utf8mb4 COLLATE utf8mb4_general_ci NULL,
    PRIMARY KEY (`FIRE_ID`) USING BTREE,
    INDEX           `IDX_QRTZ_TK_S`(`SCHED_NAME`) USING BTREE
) ENGINE = InnoDB CHARACTER SET = utf8mb4 COLLATE = utf8mb4_general_ci ROW_FORMAT = Dynamic;

-- ----------------------------
-- Table structure for qrtz_triggers
-- ----------------------------
DROP TABLE IF EXISTS `qrtz_triggers`;
CREATE TABLE `qrtz_triggers`
(
    `SCHED_NAME`     varchar(120) CHARACTER SET utf8mb4 COLLATE utf8mb4_general_ci NOT NULL,
    `TRIGGER_NAME`   varchar(200) CHARACTER SET utf8mb4 COLLATE utf8mb4_general_ci NOT NULL,
    `TRIGGER_GROUP`  varchar(200) CHARACTER SET utf8mb4 COLLATE utf8mb4_general_ci NOT NULL,
    `JOB_NAME`       varchar(200) CHARACTER SET utf8mb4 COLLATE utf8mb4_general_ci NOT NULL,
    `JOB_GROUP`      varchar(200) CHARACTER SET utf8mb4 COLLATE utf8mb4_general_ci NOT NULL,
    `DESCRIPTION`    varchar(250) CHARACTER SET utf8mb4 COLLATE utf8mb4_general_ci NULL DEFAULT NULL,
    `NEXT_FIRE_TIME` bigint(13) NULL DEFAULT NULL,
    `PREV_FIRE_TIME` bigint(13) NULL DEFAULT NULL,
    `PRIORITY`       int(11) NULL DEFAULT NULL,
    `TRIGGER_STATE`  varchar(16) CHARACTER SET utf8mb4 COLLATE utf8mb4_general_ci  NOT NULL,
    `TRIGGER_TYPE`   varchar(8) CHARACTER SET utf8mb4 COLLATE utf8mb4_general_ci   NOT NULL,
    `START_TIME`     bigint(13) NOT NULL,
    `END_TIME`       bigint(13) NULL DEFAULT NULL,
    `CALENDAR_NAME`  varchar(200) CHARACTER SET utf8mb4 COLLATE utf8mb4_general_ci NULL DEFAULT NULL,
    `MISFIRE_INSTR`  smallint(2) NULL DEFAULT NULL,
    `JOB_DATA`       blob NULL,
    PRIMARY KEY (`SCHED_NAME`, `TRIGGER_NAME`, `TRIGGER_GROUP`) USING BTREE,
    INDEX            `IDX_QRTZ_T_J`(`SCHED_NAME`, `JOB_NAME`, `JOB_GROUP`) USING BTREE,
    INDEX            `IDX_QRTZ_T_JG`(`SCHED_NAME`, `JOB_GROUP`) USING BTREE,
    INDEX            `IDX_QRTZ_T_C`(`SCHED_NAME`, `CALENDAR_NAME`) USING BTREE,
    INDEX            `IDX_QRTZ_T_G`(`SCHED_NAME`, `TRIGGER_GROUP`) USING BTREE,
    INDEX            `IDX_QRTZ_T_STATE`(`SCHED_NAME`, `TRIGGER_STATE`) USING BTREE,
    INDEX            `IDX_QRTZ_T_N_STATE`(`SCHED_NAME`, `TRIGGER_NAME`, `TRIGGER_GROUP`, `TRIGGER_STATE`) USING BTREE,
    INDEX            `IDX_QRTZ_T_N_G_STATE`(`SCHED_NAME`, `TRIGGER_GROUP`, `TRIGGER_STATE`) USING BTREE,
    INDEX            `IDX_QRTZ_T_NEXT_FIRE_TIME`(`SCHED_NAME`, `NEXT_FIRE_TIME`) USING BTREE,
    INDEX            `IDX_QRTZ_T_NFT_ST`(`SCHED_NAME`, `TRIGGER_STATE`, `NEXT_FIRE_TIME`) USING BTREE,
    INDEX            `IDX_QRTZ_T_NFT_MISFIRE`(`SCHED_NAME`, `MISFIRE_INSTR`, `NEXT_FIRE_TIME`) USING BTREE,
    INDEX            `IDX_QRTZ_T_NFT_ST_MISFIRE`(`SCHED_NAME`, `MISFIRE_INSTR`, `NEXT_FIRE_TIME`, `TRIGGER_STATE`) USING BTREE,
    INDEX            `IDX_QRTZ_T_NFT_ST_MISFIRE_GRP`(`SCHED_NAME`, `MISFIRE_INSTR`, `NEXT_FIRE_TIME`, `TRIGGER_GROUP`, `TRIGGER_STATE`) USING BTREE,
    CONSTRAINT `qrtz_triggers_ibfk_1` FOREIGN KEY (`SCHED_NAME`, `JOB_NAME`, `JOB_GROUP`) REFERENCES `qrtz_job_details` (`SCHED_NAME`, `JOB_NAME`, `JOB_GROUP`) ON DELETE RESTRICT ON UPDATE RESTRICT
) ENGINE = InnoDB CHARACTER SET = utf8mb4 COLLATE = utf8mb4_general_ci ROW_FORMAT = Dynamic;

-- ----------------------------
-- Records of qrtz_triggers
-- ----------------------------
INSERT INTO `qrtz_triggers`
VALUES ('clusteredScheduler', '1565314987957145601:TRIGGER_NAME', 'DEFAULT', '1565314987957145601:JOB_NAME', 'DEFAULT',
        NULL, 1688451120000, -1, 5, 'PAUSED', 'CRON', 1688451113000, 0, NULL, 1, '');
INSERT INTO `qrtz_triggers`
VALUES ('clusteredScheduler', '1565314987957145602:TRIGGER_NAME', 'DEFAULT', '1565314987957145602:JOB_NAME', 'DEFAULT',
        NULL, 1688451120000, -1, 5, 'PAUSED', 'CRON', 1688451113000, 0, NULL, 2, '');
INSERT INTO `qrtz_triggers`
VALUES ('clusteredScheduler', '1565314987957145603:TRIGGER_NAME', 'DEFAULT', '1565314987957145603:JOB_NAME', 'DEFAULT',
        NULL, 1688451120000, -1, 5, 'PAUSED', 'CRON', 1688451113000, 0, NULL, -1, '');
INSERT INTO `qrtz_triggers`
VALUES ('clusteredScheduler', '9223372036854775807:TRIGGER_NAME', 'DEFAULT', '9223372036854775807:JOB_NAME', 'DEFAULT',
        NULL, 1688451114000, -1, 5, 'PAUSED', 'CRON', 1688451113000, 0, NULL, 1, '');

-- ----------------------------
-- Table structure for sys_db
-- ----------------------------
DROP TABLE IF EXISTS `sys_db`;
CREATE TABLE `sys_db`
(
    `id`          bigint(22) NOT NULL COMMENT '主键ID',
    `db_name`     varchar(32) CHARACTER SET utf8mb4 COLLATE utf8mb4_general_ci NULL DEFAULT NULL COMMENT '数据库名称',
    `driver`      varchar(128) CHARACTER SET utf8mb4 COLLATE utf8mb4_general_ci NULL DEFAULT NULL COMMENT '驱动',
    `url`         varchar(255) CHARACTER SET utf8mb4 COLLATE utf8mb4_general_ci NULL DEFAULT NULL COMMENT '地址',
    `username`    varchar(32) CHARACTER SET utf8mb4 COLLATE utf8mb4_general_ci NULL DEFAULT '0' COMMENT '用户名',
    `password`    varchar(128) CHARACTER SET utf8mb4 COLLATE utf8mb4_general_ci NULL DEFAULT NULL COMMENT '密码',
    `create_by`   varchar(16) CHARACTER SET utf8mb4 COLLATE utf8mb4_general_ci NULL DEFAULT NULL COMMENT '创建人编码',
    `create_name` varchar(16) CHARACTER SET utf8mb4 COLLATE utf8mb4_general_ci NULL DEFAULT NULL COMMENT '创建人姓名',
    `create_time` datetime(0) NULL DEFAULT CURRENT_TIMESTAMP COMMENT '创建时间',
    `tenant_id`   bigint(22) NOT NULL COMMENT '租户ID',
    PRIMARY KEY (`id`) USING BTREE
) ENGINE = InnoDB CHARACTER SET = utf8mb4 COLLATE = utf8mb4_general_ci COMMENT = '数据源配置' ROW_FORMAT = Dynamic;

-- ----------------------------
-- Table structure for sys_dept
-- ----------------------------
DROP TABLE IF EXISTS `sys_dept`;
CREATE TABLE `sys_dept`
(
    `id`          bigint(22) NOT NULL DEFAULT 1111111111111111111 COMMENT '主键ID',
    `parent_id`   bigint(22) NULL DEFAULT 0 COMMENT '上级部门ID',
    `dept_code`   varchar(128) CHARACTER SET utf8mb4 COLLATE utf8mb4_general_ci NULL DEFAULT NULL COMMENT '部门编码',
    `dept_name`   varchar(32) CHARACTER SET utf8mb4 COLLATE utf8mb4_general_ci NULL DEFAULT NULL COMMENT '部门名称',
    `create_by`   varchar(16) CHARACTER SET utf8mb4 COLLATE utf8mb4_general_ci NULL DEFAULT NULL COMMENT '创建人编码',
    `create_name` varchar(16) CHARACTER SET utf8mb4 COLLATE utf8mb4_general_ci NULL DEFAULT NULL COMMENT '创建人姓名',
    `create_time` datetime(0) NULL DEFAULT CURRENT_TIMESTAMP COMMENT '创建时间',
    `update_by`   varchar(16) CHARACTER SET utf8mb4 COLLATE utf8mb4_general_ci NULL DEFAULT NULL COMMENT '修改人编码',
    `update_name` varchar(16) CHARACTER SET utf8mb4 COLLATE utf8mb4_general_ci NULL DEFAULT NULL COMMENT '修改人姓名',
    `update_time` datetime(0) NULL DEFAULT NULL ON UPDATE CURRENT_TIMESTAMP (0) COMMENT '修改时间',
    `is_delete`   tinyint(1) NULL DEFAULT 0 COMMENT '是否删除 0 未删除 1 已删除',
    `delete_by`   varchar(16) CHARACTER SET utf8mb4 COLLATE utf8mb4_general_ci NULL DEFAULT NULL COMMENT '删除人编码',
    `tenant_id`   bigint(22) NOT NULL COMMENT '租户ID',
    PRIMARY KEY (`id`) USING BTREE
) ENGINE = InnoDB CHARACTER SET = utf8mb4 COLLATE = utf8mb4_general_ci COMMENT = '部门' ROW_FORMAT = Dynamic;

-- ----------------------------
-- Records of sys_dept
-- ----------------------------
INSERT INTO `sys_dept`
VALUES (1565314987957145600, 1111111111111111111, 'GS', '总公司', NULL, NULL, NULL, NULL, NULL, NULL, 0, NULL, 1);
INSERT INTO `sys_dept`
VALUES (1565314987957145609, 1565314987957145600, 'DSB', '董事办', NULL, NULL, NULL, NULL, NULL, NULL, 0, NULL, 1);
INSERT INTO `sys_dept`
VALUES (1581851971500371970, 1565314987957145600, 'IT', 'IT研发部门', NULL, NULL, NULL, NULL, NULL, NULL, 0, NULL, 1);
INSERT INTO `sys_dept`
VALUES (1601579918477983745, 1581851971500371970, 'Java1', '研发组1', NULL, NULL, NULL, NULL, NULL, NULL, 0, NULL, 1);
INSERT INTO `sys_dept`
VALUES (1601579970948726786, 1581851971500371970, 'Java2', 'Java2', NULL, NULL, NULL, NULL, NULL, NULL, 0, NULL, 1);

-- ----------------------------
-- Table structure for sys_dict
-- ----------------------------
DROP TABLE IF EXISTS `sys_dict`;
CREATE TABLE `sys_dict`
(
    `id`          bigint(22) NOT NULL COMMENT '主键ID',
    `dict_name`   varchar(128) CHARACTER SET utf8mb4 COLLATE utf8mb4_general_ci NULL DEFAULT NULL COMMENT '字典名称',
    `dict_code`   varchar(128) CHARACTER SET utf8mb4 COLLATE utf8mb4_general_ci NULL DEFAULT '0' COMMENT '字典编码',
    `is_open`     tinyint(1) NULL DEFAULT 0 COMMENT '是否启用 0 关闭 1 启用',
    `create_by`   varchar(16) CHARACTER SET utf8mb4 COLLATE utf8mb4_general_ci NULL DEFAULT NULL COMMENT '创建人编码',
    `create_name` varchar(16) CHARACTER SET utf8mb4 COLLATE utf8mb4_general_ci NULL DEFAULT NULL COMMENT '创建人姓名',
    `create_time` datetime(0) NULL DEFAULT CURRENT_TIMESTAMP COMMENT '创建时间',
    `update_by`   varchar(16) CHARACTER SET utf8mb4 COLLATE utf8mb4_general_ci NULL DEFAULT NULL COMMENT '修改人编码',
    `update_name` varchar(16) CHARACTER SET utf8mb4 COLLATE utf8mb4_general_ci NULL DEFAULT NULL COMMENT '修改人姓名',
    `update_time` datetime(0) NULL DEFAULT NULL ON UPDATE CURRENT_TIMESTAMP (0) COMMENT '修改时间',
    `is_delete`   tinyint(1) NULL DEFAULT 0 COMMENT '是否删除 0 未删除 1 已删除',
    `delete_by`   varchar(16) CHARACTER SET utf8mb4 COLLATE utf8mb4_general_ci NULL DEFAULT NULL COMMENT '删除人编码',
    `tenant_id`   bigint(22) NOT NULL COMMENT '租户ID',
    PRIMARY KEY (`id`) USING BTREE
) ENGINE = InnoDB CHARACTER SET = utf8mb4 COLLATE = utf8mb4_general_ci COMMENT = '字典' ROW_FORMAT = Dynamic;

-- ----------------------------
-- Records of sys_dict
-- ----------------------------
INSERT INTO `sys_dict`
VALUES (1599032827285213185, '性别', 'SEX', 1, NULL, NULL, NULL, NULL, NULL, NULL, 0, NULL, 1);
INSERT INTO `sys_dict`
VALUES (1599033063277727745, '菜单类型', 'MENU_TYPE', 1, NULL, NULL, NULL, NULL, NULL, NULL, 0, NULL, 1);
INSERT INTO `sys_dict`
VALUES (1599034133752188930, '日志类型', 'LOG_TYPE', 1, NULL, NULL, NULL, NULL, NULL, NULL, 0, NULL, 1);
INSERT INTO `sys_dict`
VALUES (1599034233434017794, '操作类型', 'DO_TYPE', 1, NULL, NULL, NULL, NULL, NULL, NULL, 0, NULL, 1);
INSERT INTO `sys_dict`
VALUES (1599035056616509442, '日志结果', 'LOG_RESULT', 1, NULL, NULL, NULL, NULL, NULL, NULL, 0, NULL, 1);
INSERT INTO `sys_dict`
VALUES (1599035447399813121, '消息级别', 'MSG_LEVEL', 1, NULL, NULL, NULL, NULL, NULL, NULL, 0, NULL, 1);
INSERT INTO `sys_dict`
VALUES (1599035906529300481, '消息类型', 'MSG_TYPE', 1, NULL, NULL, NULL, NULL, NULL, NULL, 0, NULL, 1);
INSERT INTO `sys_dict`
VALUES (1599036245466812417, '开关', 'OPEN', 1, NULL, NULL, NULL, NULL, NULL, NULL, 0, NULL, 1);
INSERT INTO `sys_dict`
VALUES (1599036494331645953, '缓存', 'KEEPALIVE', 1, NULL, NULL, NULL, NULL, NULL, NULL, 0, NULL, 1);
INSERT INTO `sys_dict`
VALUES (1599036771814215681, '显示隐藏', 'HIDDEN', 1, NULL, NULL, NULL, NULL, NULL, NULL, 0, NULL, 1);
INSERT INTO `sys_dict`
VALUES (1599037134667649025, '路由外链', 'HREF', 1, NULL, NULL, NULL, NULL, NULL, NULL, 0, NULL, 1);
INSERT INTO `sys_dict`
VALUES (1599037528810590209, '存储方式', 'OSS_STYLE', 1, NULL, NULL, NULL, NULL, NULL, NULL, 0, NULL, 1);
INSERT INTO `sys_dict`
VALUES (1599218032822394881, '结果', 'RESULT', 1, NULL, NULL, NULL, NULL, NULL, NULL, 0, NULL, 1);
INSERT INTO `sys_dict`
VALUES (1599288041217064962, '锁定', 'IS_LOCK', 1, NULL, NULL, NULL, NULL, NULL, NULL, 0, NULL, 1);
INSERT INTO `sys_dict`
VALUES (1599292998100058114, '读取状态', 'MARK_READ', 1, NULL, NULL, NULL, NULL, NULL, NULL, 0, NULL, 1);
INSERT INTO `sys_dict`
VALUES (1601793691449020417, '数据权限固定编码', 'PERMISSION_CODE', 1, NULL, NULL, NULL, NULL, NULL, NULL, 0, NULL, 1);
INSERT INTO `sys_dict`
VALUES (1637619982970351618, '任务策略', 'MISFIRE_POLICY', 1, NULL, NULL, NULL, NULL, NULL, NULL, 0, NULL, 1);
INSERT INTO `sys_dict`
VALUES (1637621879726895105, '并发', 'CONCURRENT', 1, NULL, NULL, NULL, NULL, NULL, NULL, 0, NULL, 1);
INSERT INTO `sys_dict`
VALUES (1637622109440536577, '任务状态', 'JOB_STATUS', 1, NULL, NULL, NULL, NULL, NULL, NULL, 0, NULL, 1);
INSERT INTO `sys_dict`
VALUES (1639508202175832066, '任务组', 'JOB_GROUP', 1, NULL, NULL, NULL, NULL, NULL, NULL, 0, NULL, 1);
INSERT INTO `sys_dict`
VALUES (1658030824311799809, '身份验证方法', 'CLIENT_AUTHENTICATION_METHODS', 1, NULL, NULL, NULL, NULL, NULL, NULL, 0,
        NULL, 1);
INSERT INTO `sys_dict`
VALUES (1658030901172420609, '授权许可类型', 'AUTHORIZATION_GRANT_TYPES', 1, NULL, NULL, NULL, NULL, NULL, NULL, 0,
        NULL, 1);
INSERT INTO `sys_dict`
VALUES (1658031007506415617, '权限范围', 'SCOPES', 1, NULL, NULL, NULL, NULL, NULL, NULL, 0, NULL, 1);
INSERT INTO `sys_dict`
VALUES (1658031278974353410, 'JWT签名算法', 'TOKEN_ENDPOINT_AUTHENTICATION_SIGNING_ALGORITHM', 1, NULL, NULL, NULL,
        NULL, NULL, NULL, 0, NULL, 1);
INSERT INTO `sys_dict`
VALUES (1658031392233144321, 'ID-TOKEN签名算法', 'ID_TOKEN_SIGNATURE_ALGORITHM', 1, NULL, NULL, NULL, NULL, NULL, NULL,
        0, NULL, 1);
INSERT INTO `sys_dict`
VALUES (1658031447681843201, '访问令牌格式', 'ACCESS_TOKEN_FORMAT', 1, NULL, NULL, NULL, NULL, NULL, NULL, 0, NULL, 1);
INSERT INTO `sys_dict`
VALUES (1658303277953040385, '重定向Uris', 'REDIRECT_URIS', 1, NULL, NULL, NULL, NULL, NULL, NULL, 0, NULL, 1);

-- ----------------------------
-- Table structure for sys_dict_item
-- ----------------------------
DROP TABLE IF EXISTS `sys_dict_item`;
CREATE TABLE `sys_dict_item`
(
    `id`          bigint(22) NOT NULL COMMENT '主键ID',
    `dict_id`     bigint(22) NULL DEFAULT NULL COMMENT '字典ID',
    `key`         varchar(64) CHARACTER SET utf8mb4 COLLATE utf8mb4_general_ci NULL DEFAULT '0' COMMENT '字典项的值',
    `value`       varchar(64) CHARACTER SET utf8mb4 COLLATE utf8mb4_general_ci NULL DEFAULT NULL COMMENT '字典项的名称',
    `sort`        tinyint(1) NULL DEFAULT NULL COMMENT '排序',
    `create_by`   varchar(16) CHARACTER SET utf8mb4 COLLATE utf8mb4_general_ci NULL DEFAULT NULL COMMENT '创建人编码',
    `create_name` varchar(16) CHARACTER SET utf8mb4 COLLATE utf8mb4_general_ci NULL DEFAULT NULL COMMENT '创建人姓名',
    `create_time` datetime(0) NULL DEFAULT CURRENT_TIMESTAMP COMMENT '创建时间',
    `update_by`   varchar(16) CHARACTER SET utf8mb4 COLLATE utf8mb4_general_ci NULL DEFAULT NULL COMMENT '修改人编码',
    `update_name` varchar(16) CHARACTER SET utf8mb4 COLLATE utf8mb4_general_ci NULL DEFAULT NULL COMMENT '修改人姓名',
    `update_time` datetime(0) NULL DEFAULT NULL ON UPDATE CURRENT_TIMESTAMP (0) COMMENT '修改时间',
    `is_delete`   tinyint(1) NULL DEFAULT 0 COMMENT '是否删除 0 未删除 1 已删除',
    `delete_by`   varchar(16) CHARACTER SET utf8mb4 COLLATE utf8mb4_general_ci NULL DEFAULT NULL COMMENT '删除人编码',
    `tenant_id`   bigint(22) NOT NULL COMMENT '租户ID',
    PRIMARY KEY (`id`) USING BTREE
) ENGINE = InnoDB CHARACTER SET = utf8mb4 COLLATE = utf8mb4_general_ci COMMENT = '字典项' ROW_FORMAT = Dynamic;

-- ----------------------------
-- Records of sys_dict_item
-- ----------------------------
INSERT INTO `sys_dict_item`
VALUES (1599033180131037186, 1599033063277727745, '0', '文件夹', NULL, NULL, NULL, NULL, NULL, NULL, NULL, 0, NULL, 1);
INSERT INTO `sys_dict_item`
VALUES (1599033573409951745, 1599033063277727745, '1', '菜单', NULL, NULL, NULL, NULL, NULL, NULL, NULL, 0, NULL, 1);
INSERT INTO `sys_dict_item`
VALUES (1599033675105046530, 1599033063277727745, '2', '按钮', NULL, NULL, NULL, NULL, NULL, NULL, NULL, 0, NULL, 1);
INSERT INTO `sys_dict_item`
VALUES (1599033861437001729, 1599032827285213185, '1', '男', NULL, NULL, NULL, NULL, NULL, NULL, NULL, 0, NULL, 1);
INSERT INTO `sys_dict_item`
VALUES (1599033925890871297, 1599032827285213185, '0', '女', NULL, NULL, NULL, NULL, NULL, NULL, NULL, 0, NULL, 1);
INSERT INTO `sys_dict_item`
VALUES (1599034388589711362, 1599034133752188930, '0', ' 普通日志', NULL, NULL, NULL, NULL, NULL, NULL, NULL, 0, NULL,
        1);
INSERT INTO `sys_dict_item`
VALUES (1599034442968862721, 1599034133752188930, '1', ' 登录日志', NULL, NULL, NULL, NULL, NULL, NULL, NULL, 0, NULL,
        1);
INSERT INTO `sys_dict_item`
VALUES (1599034596094513154, 1599034233434017794, '0', '添加', NULL, NULL, NULL, NULL, NULL, NULL, NULL, 0, NULL, 1);
INSERT INTO `sys_dict_item`
VALUES (1599034610313203714, 1599034233434017794, '1', '删除', NULL, NULL, NULL, NULL, NULL, NULL, NULL, 0, NULL, 1);
INSERT INTO `sys_dict_item`
VALUES (1599034627035893761, 1599034233434017794, '2', '修改', NULL, NULL, NULL, NULL, NULL, NULL, NULL, 0, NULL, 1);
INSERT INTO `sys_dict_item`
VALUES (1599034642189914113, 1599034233434017794, '3', '查询', NULL, NULL, NULL, NULL, NULL, NULL, NULL, 0, NULL, 1);
INSERT INTO `sys_dict_item`
VALUES (1599035133351301122, 1599035056616509442, '0', '失败', NULL, NULL, NULL, NULL, NULL, NULL, NULL, 0, NULL, 1);
INSERT INTO `sys_dict_item`
VALUES (1599035172446408705, 1599035056616509442, '1', ' 成功', NULL, NULL, NULL, NULL, NULL, NULL, NULL, 0, NULL, 1);
INSERT INTO `sys_dict_item`
VALUES (1599035472632745985, 1599035447399813121, 'success', '正常消息', NULL, NULL, NULL, NULL, NULL, NULL, NULL, 0,
        NULL, 1);
INSERT INTO `sys_dict_item`
VALUES (1599035484666204161, 1599035447399813121, 'warning', '警示消息', NULL, NULL, NULL, NULL, NULL, NULL, NULL, 0,
        NULL, 1);
INSERT INTO `sys_dict_item`
VALUES (1599035496510918657, 1599035447399813121, 'info', '一般消息', NULL, NULL, NULL, NULL, NULL, NULL, NULL, 0, NULL,
        1);
INSERT INTO `sys_dict_item`
VALUES (1599035508733120513, 1599035447399813121, 'danger', '紧急消息', NULL, NULL, NULL, NULL, NULL, NULL, NULL, 0,
        NULL, 1);
INSERT INTO `sys_dict_item`
VALUES (1599036005007364098, 1599035906529300481, '0', ' 通知', NULL, NULL, NULL, NULL, NULL, NULL, NULL, 0, NULL, 1);
INSERT INTO `sys_dict_item`
VALUES (1599036025513316353, 1599035906529300481, '1', '公告', NULL, NULL, NULL, NULL, NULL, NULL, NULL, 0, NULL, 1);
INSERT INTO `sys_dict_item`
VALUES (1599036294716329985, 1599036245466812417, '1', '开启', NULL, NULL, NULL, NULL, NULL, NULL, NULL, 0, NULL, 1);
INSERT INTO `sys_dict_item`
VALUES (1599036318925852674, 1599036245466812417, '0 ', '关闭', NULL, NULL, NULL, NULL, NULL, NULL, NULL, 0, NULL, 1);
INSERT INTO `sys_dict_item`
VALUES (1599036529471524866, 1599036494331645953, '0', '不缓存 ', NULL, NULL, NULL, NULL, NULL, NULL, NULL, 0, NULL, 1);
INSERT INTO `sys_dict_item`
VALUES (1599036549079896065, 1599036494331645953, '1', '缓存', NULL, NULL, NULL, NULL, NULL, NULL, NULL, 0, NULL, 1);
INSERT INTO `sys_dict_item`
VALUES (1599036842584707074, 1599036771814215681, '0', '显示', NULL, NULL, NULL, NULL, NULL, NULL, NULL, 0, NULL, 1);
INSERT INTO `sys_dict_item`
VALUES (1599036909861343234, 1599036771814215681, '1', '隐藏', NULL, NULL, NULL, NULL, NULL, NULL, NULL, 0, NULL, 1);
INSERT INTO `sys_dict_item`
VALUES (1599037293560467457, 1599037134667649025, '1', '外链', NULL, NULL, NULL, NULL, NULL, NULL, NULL, 0, NULL, 1);
INSERT INTO `sys_dict_item`
VALUES (1599037318663376897, 1599037134667649025, '0', '路由', NULL, NULL, NULL, NULL, NULL, NULL, NULL, 0, NULL, 1);
INSERT INTO `sys_dict_item`
VALUES (1599037823330422786, 1599037528810590209, '0', '本地', NULL, NULL, NULL, NULL, NULL, NULL, NULL, 0, NULL, 1);
INSERT INTO `sys_dict_item`
VALUES (1599037849897144321, 1599037528810590209, '1', 'MINIO', NULL, NULL, NULL, NULL, NULL, NULL, NULL, 0, NULL, 1);
INSERT INTO `sys_dict_item`
VALUES (1599218200087044097, 1599218032822394881, '1', '成功', NULL, NULL, NULL, NULL, NULL, NULL, NULL, 0, NULL, 1);
INSERT INTO `sys_dict_item`
VALUES (1599218217967362049, 1599218032822394881, '0', '失败', NULL, NULL, NULL, NULL, NULL, NULL, NULL, 0, NULL, 1);
INSERT INTO `sys_dict_item`
VALUES (1599288066458386434, 1599288041217064962, '0', '正常', NULL, NULL, NULL, NULL, NULL, NULL, NULL, 0, NULL, 1);
INSERT INTO `sys_dict_item`
VALUES (1599288094061101058, 1599288041217064962, '1', '锁定', NULL, NULL, NULL, NULL, NULL, NULL, NULL, 0, NULL, 1);
INSERT INTO `sys_dict_item`
VALUES (1599293037463601154, 1599292998100058114, '1', '已读', NULL, NULL, NULL, NULL, NULL, NULL, NULL, 0, NULL, 1);
INSERT INTO `sys_dict_item`
VALUES (1599293192749318145, 1599292998100058114, '0', '未读', NULL, NULL, NULL, NULL, NULL, NULL, NULL, 0, NULL, 1);
INSERT INTO `sys_dict_item`
VALUES (1601793891890614273, 1601793691449020417, 'ALL', '全部', NULL, NULL, NULL, NULL, NULL, NULL, NULL, 0, NULL, 1);
INSERT INTO `sys_dict_item`
VALUES (1601793991845072897, 1601793691449020417, 'OWN', '自己', NULL, NULL, NULL, NULL, NULL, NULL, NULL, 0, NULL, 1);
INSERT INTO `sys_dict_item`
VALUES (1601794253766774785, 1601793691449020417, 'DEPT_LEVEL', '部门范围权限', NULL, NULL, NULL, NULL, NULL, NULL,
        NULL, 0, NULL, 1);
INSERT INTO `sys_dict_item`
VALUES (1637620045218017282, 1637619982970351618, '1', ' 执行一次（默认）', NULL, NULL, NULL, NULL, NULL, NULL, NULL, 0,
        NULL, 1);
INSERT INTO `sys_dict_item`
VALUES (1637620093146329089, 1637619982970351618, '-1', '立刻执行', NULL, NULL, NULL, NULL, NULL, NULL, NULL, 0, NULL,
        1);
INSERT INTO `sys_dict_item`
VALUES (1637620131188666370, 1637619982970351618, '2', '放弃执行', NULL, NULL, NULL, NULL, NULL, NULL, NULL, 0, NULL,
        1);
INSERT INTO `sys_dict_item`
VALUES (1637621918473875458, 1637621879726895105, '1', '并发', NULL, NULL, NULL, NULL, NULL, NULL, NULL, 0, NULL, 1);
INSERT INTO `sys_dict_item`
VALUES (1637621961926864897, 1637621879726895105, '0', '串行', NULL, NULL, NULL, NULL, NULL, NULL, NULL, 0, NULL, 1);
INSERT INTO `sys_dict_item`
VALUES (1637622141858312194, 1637622109440536577, '1', '开启', NULL, NULL, NULL, NULL, NULL, NULL, NULL, 0, NULL, 1);
INSERT INTO `sys_dict_item`
VALUES (1637622196887580673, 1637622109440536577, '0', '暂停', NULL, NULL, NULL, NULL, NULL, NULL, NULL, 0, NULL, 1);
INSERT INTO `sys_dict_item`
VALUES (1639508998309257217, 1639508202175832066, 'DEFAULT', '默认', NULL, NULL, NULL, NULL, NULL, NULL, NULL, 0, NULL,
        1);
INSERT INTO `sys_dict_item`
VALUES (1639510731953512449, 1639508202175832066, 'SYSTEM', '系统', NULL, NULL, NULL, NULL, NULL, NULL, NULL, 0, NULL,
        1);
INSERT INTO `sys_dict_item`
VALUES (1658273848363065345, 1658030901172420609, 'refresh_token', 'refresh_token', NULL, NULL, NULL, NULL, NULL, NULL,
        NULL, 0, NULL, 1);
INSERT INTO `sys_dict_item`
VALUES (1658273881355460610, 1658030901172420609, 'client_credentials', 'client_credentials', NULL, NULL, NULL, NULL,
        NULL, NULL, NULL, 0, NULL, 1);
INSERT INTO `sys_dict_item`
VALUES (1658273913035038722, 1658030901172420609, 'authorization_code', 'authorization_code', NULL, NULL, NULL, NULL,
        NULL, NULL, NULL, 0, NULL, 1);
INSERT INTO `sys_dict_item`
VALUES (1658273946912432130, 1658030901172420609, 'password', 'password', NULL, NULL, NULL, NULL, NULL, NULL, NULL, 0,
        NULL, 1);
INSERT INTO `sys_dict_item`
VALUES (1658273985827184642, 1658030901172420609, 'sms_code', 'sms_code', NULL, NULL, NULL, NULL, NULL, NULL, NULL, 0,
        NULL, 1);
INSERT INTO `sys_dict_item`
VALUES (1658274057008717825, 1658030901172420609, 'email_code', 'email_code', NULL, NULL, NULL, NULL, NULL, NULL, NULL,
        0, NULL, 1);
INSERT INTO `sys_dict_item`
VALUES (1658274486081822721, 1658030824311799809, 'client_secret_post', 'client_secret_post', NULL, NULL, NULL, NULL,
        NULL, NULL, NULL, 0, NULL, 1);
INSERT INTO `sys_dict_item`
VALUES (1658274530675662850, 1658030824311799809, 'client_secret_jwt', 'client_secret_jwt', NULL, NULL, NULL, NULL,
        NULL, NULL, NULL, 0, NULL, 1);
INSERT INTO `sys_dict_item`
VALUES (1658274569879822338, 1658030824311799809, 'private_key_jwt', 'private_key_jwt', NULL, NULL, NULL, NULL, NULL,
        NULL, NULL, 0, NULL, 1);
INSERT INTO `sys_dict_item`
VALUES (1658274604130508801, 1658030824311799809, 'client_secret_basic', 'client_secret_basic', NULL, NULL, NULL, NULL,
        NULL, NULL, NULL, 0, NULL, 1);
INSERT INTO `sys_dict_item`
VALUES (1658274676369006593, 1658030824311799809, 'none', 'none', NULL, NULL, NULL, NULL, NULL, NULL, NULL, 0, NULL, 1);
INSERT INTO `sys_dict_item`
VALUES (1658274708270882817, 1658030824311799809, 'basic', 'basic', NULL, NULL, NULL, NULL, NULL, NULL, NULL, 0, NULL,
        1);
INSERT INTO `sys_dict_item`
VALUES (1658274853272166402, 1658030824311799809, 'post', 'post', NULL, NULL, NULL, NULL, NULL, NULL, NULL, 0, NULL, 1);
INSERT INTO `sys_dict_item`
VALUES (1658274975850700801, 1658031007506415617, 'openid', 'openid', NULL, NULL, NULL, NULL, NULL, NULL, NULL, 0, NULL,
        1);
INSERT INTO `sys_dict_item`
VALUES (1658275001364652033, 1658031007506415617, 'profile', 'profile', NULL, NULL, NULL, NULL, NULL, NULL, NULL, 0,
        NULL, 1);
INSERT INTO `sys_dict_item`
VALUES (1658275025167327233, 1658031007506415617, 'email', 'email', NULL, NULL, NULL, NULL, NULL, NULL, NULL, 0, NULL,
        1);
INSERT INTO `sys_dict_item`
VALUES (1658275048814813185, 1658031007506415617, 'address', 'address', NULL, NULL, NULL, NULL, NULL, NULL, NULL, 0,
        NULL, 1);
INSERT INTO `sys_dict_item`
VALUES (1658275076136509441, 1658031007506415617, 'phone', 'phone', NULL, NULL, NULL, NULL, NULL, NULL, NULL, 0, NULL,
        1);
INSERT INTO `sys_dict_item`
VALUES (1658275140422606849, 1658031007506415617, 'user_info', 'user_info', NULL, NULL, NULL, NULL, NULL, NULL, NULL, 0,
        NULL, 1);
INSERT INTO `sys_dict_item`
VALUES (1658275179521908738, 1658031007506415617, 'read', 'read', NULL, NULL, NULL, NULL, NULL, NULL, NULL, 0, NULL, 1);
INSERT INTO `sys_dict_item`
VALUES (1658275224136720385, 1658031007506415617, 'write', 'write', NULL, NULL, NULL, NULL, NULL, NULL, NULL, 0, NULL,
        1);
INSERT INTO `sys_dict_item`
VALUES (1658275335071866882, 1658031392233144321, 'RS256', 'RS256', NULL, NULL, NULL, NULL, NULL, NULL, NULL, 0, NULL,
        1);
INSERT INTO `sys_dict_item`
VALUES (1658275360300605442, 1658031392233144321, 'RS384', 'RS384', NULL, NULL, NULL, NULL, NULL, NULL, NULL, 0, NULL,
        1);
INSERT INTO `sys_dict_item`
VALUES (1658275382203260930, 1658031392233144321, 'RS512', 'RS512', NULL, NULL, NULL, NULL, NULL, NULL, NULL, 0, NULL,
        1);
INSERT INTO `sys_dict_item`
VALUES (1658275403925561345, 1658031392233144321, 'ES256', 'ES256', NULL, NULL, NULL, NULL, NULL, NULL, NULL, 0, NULL,
        1);
INSERT INTO `sys_dict_item`
VALUES (1658275430785884162, 1658031392233144321, 'ES384', 'ES384', NULL, NULL, NULL, NULL, NULL, NULL, NULL, 0, NULL,
        1);
INSERT INTO `sys_dict_item`
VALUES (1658275451379916802, 1658031392233144321, 'ES512', 'ES512', NULL, NULL, NULL, NULL, NULL, NULL, NULL, 0, NULL,
        1);
INSERT INTO `sys_dict_item`
VALUES (1658275473043496962, 1658031392233144321, 'PS256', 'PS256', NULL, NULL, NULL, NULL, NULL, NULL, NULL, 0, NULL,
        1);
INSERT INTO `sys_dict_item`
VALUES (1658275489254481922, 1658031392233144321, 'PS384', 'PS384', NULL, NULL, NULL, NULL, NULL, NULL, NULL, 0, NULL,
        1);
INSERT INTO `sys_dict_item`
VALUES (1658275510104367106, 1658031392233144321, 'PS512', 'PS512', NULL, NULL, NULL, NULL, NULL, NULL, NULL, 0, NULL,
        1);
INSERT INTO `sys_dict_item`
VALUES (1658275743236366338, 1658031447681843201, 'self-contained', 'JWT', NULL, NULL, NULL, NULL, NULL, NULL, NULL, 0,
        NULL, 1);
INSERT INTO `sys_dict_item`
VALUES (1658275781895266306, 1658031447681843201, 'reference', '字符串', NULL, NULL, NULL, NULL, NULL, NULL, NULL, 0,
        NULL, 1);
INSERT INTO `sys_dict_item`
VALUES (1658276043741470721, 1658031278974353410, 'RS256', 'RS256', NULL, NULL, NULL, NULL, NULL, NULL, NULL, 0, NULL,
        1);
INSERT INTO `sys_dict_item`
VALUES (1658276067271516162, 1658031278974353410, 'RS384', 'RS384', NULL, NULL, NULL, NULL, NULL, NULL, NULL, 0, NULL,
        1);
INSERT INTO `sys_dict_item`
VALUES (1658276093951483906, 1658031278974353410, 'RS512', 'RS512', NULL, NULL, NULL, NULL, NULL, NULL, NULL, 0, NULL,
        1);
INSERT INTO `sys_dict_item`
VALUES (1658276120979578882, 1658031278974353410, 'ES256', 'ES256', NULL, NULL, NULL, NULL, NULL, NULL, NULL, 0, NULL,
        1);
INSERT INTO `sys_dict_item`
VALUES (1658276146409644033, 1658031278974353410, 'ES384', 'ES384', NULL, NULL, NULL, NULL, NULL, NULL, NULL, 0, NULL,
        1);
INSERT INTO `sys_dict_item`
VALUES (1658276164621312002, 1658031278974353410, 'ES512', 'ES512', NULL, NULL, NULL, NULL, NULL, NULL, NULL, 0, NULL,
        1);
INSERT INTO `sys_dict_item`
VALUES (1658276184783331330, 1658031278974353410, 'PS256', 'PS256', NULL, NULL, NULL, NULL, NULL, NULL, NULL, 0, NULL,
        1);
INSERT INTO `sys_dict_item`
VALUES (1658276208971882498, 1658031278974353410, 'PS384', 'PS384', NULL, NULL, NULL, NULL, NULL, NULL, NULL, 0, NULL,
        1);
INSERT INTO `sys_dict_item`
VALUES (1658276255755149313, 1658031278974353410, 'PS512', 'PS512', NULL, NULL, NULL, NULL, NULL, NULL, NULL, 0, NULL,
        1);
INSERT INTO `sys_dict_item`
VALUES (1658303476360396801, 1658303277953040385, 'http://www.baidu.com', 'http://www.baidu.com', NULL, NULL, NULL,
        NULL, NULL, NULL, NULL, 0, NULL, 1);
INSERT INTO `sys_dict_item`
VALUES (1658303552222773249, 1658303277953040385, 'http://127.0.0.1:8080/authorized',
        'http://127.0.0.1:8080/authorized', NULL, NULL, NULL, NULL, NULL, NULL, NULL, 0, NULL, 1);
INSERT INTO `sys_dict_item`
VALUES (1658303639636262913, 1658303277953040385, 'http://127.0.0.1:8080/login/oauth2/code/breeze-oidc',
        'http://127.0.0.1:8080/login/oauth2/code/breeze-oidc', NULL, NULL, NULL, NULL, NULL, NULL, NULL, 0, NULL, 1);
INSERT INTO `sys_dict_item`
VALUES (1659034973417574401, 1658303277953040385, 'http://127.0.0.1:8070/login/oauth2/code/breeze-pkce',
        'http://127.0.0.1:8070/login/oauth2/code/breeze-pkce', NULL, NULL, NULL, NULL, NULL, NULL, NULL, 0, NULL, 1);

-- ----------------------------
-- Table structure for sys_file
-- ----------------------------
DROP TABLE IF EXISTS `sys_file`;
CREATE TABLE `sys_file`
(
    `id`           bigint(22) NOT NULL COMMENT '主键ID',
    `title`        varchar(255) CHARACTER SET utf8mb4 COLLATE utf8mb4_general_ci NULL DEFAULT NULL COMMENT '标题',
    `file_name`    varchar(128) CHARACTER SET utf8mb4 COLLATE utf8mb4_general_ci NULL DEFAULT NULL COMMENT '文件名称',
    `file_format`  varchar(255) CHARACTER SET utf8mb4 COLLATE utf8mb4_general_ci NULL DEFAULT NULL COMMENT '文件扩展名',
    `content_type` varchar(128) CHARACTER SET utf8mb4 COLLATE utf8mb4_general_ci NULL DEFAULT NULL COMMENT '上传格式',
    `bucket`       varchar(128) CHARACTER SET utf8mb4 COLLATE utf8mb4_general_ci NULL DEFAULT NULL COMMENT '桶',
    `object_name`  varchar(128) CHARACTER SET utf8mb4 COLLATE utf8mb4_general_ci NULL DEFAULT NULL COMMENT '对象名称',
    `path`         varchar(255) CHARACTER SET utf8mb4 COLLATE utf8mb4_general_ci NULL DEFAULT NULL COMMENT '存储的路径',
    `biz_id`       bigint(22) NULL DEFAULT NULL COMMENT '业务ID',
    `biz_type`     varchar(128) CHARACTER SET utf8mb4 COLLATE utf8mb4_general_ci NULL DEFAULT NULL COMMENT '业务类型',
    `store_type`   tinyint(1) NOT NULL COMMENT '存储方式 0 本地 1 minio',
    `create_by`    varchar(16) CHARACTER SET utf8mb4 COLLATE utf8mb4_general_ci NULL DEFAULT NULL COMMENT '创建人编码',
    `create_name`  varchar(16) CHARACTER SET utf8mb4 COLLATE utf8mb4_general_ci NULL DEFAULT NULL COMMENT '创建人姓名',
    `create_time`  datetime(0) NULL DEFAULT CURRENT_TIMESTAMP COMMENT '创建时间',
    `update_by`    varchar(16) CHARACTER SET utf8mb4 COLLATE utf8mb4_general_ci NULL DEFAULT NULL COMMENT '修改人编码',
    `update_name`  varchar(16) CHARACTER SET utf8mb4 COLLATE utf8mb4_general_ci NULL DEFAULT NULL COMMENT '修改人姓名',
    `update_time`  datetime(0) NULL DEFAULT NULL ON UPDATE CURRENT_TIMESTAMP (0) COMMENT '修改时间',
    `is_delete`    tinyint(1) NULL DEFAULT 0 COMMENT '是否删除 0 未删除 1 已删除',
    `delete_by`    varchar(16) CHARACTER SET utf8mb4 COLLATE utf8mb4_general_ci NULL DEFAULT NULL COMMENT '删除人编码',
    `tenant_id`    bigint(22) NOT NULL COMMENT '租户ID',
    PRIMARY KEY (`id`) USING BTREE
) ENGINE = InnoDB CHARACTER SET = utf8mb4 COLLATE = utf8mb4_general_ci COMMENT = '文件' ROW_FORMAT = Dynamic;

-- ----------------------------
-- Table structure for sys_log
-- ----------------------------
DROP TABLE IF EXISTS `sys_log`;
CREATE TABLE `sys_log`
(
    `id`            bigint(22) NOT NULL COMMENT '主键ID',
    `system_module` varchar(32) CHARACTER SET utf8mb4 COLLATE utf8mb4_general_ci NULL DEFAULT NULL COMMENT '系统模块',
    `log_title`     varchar(128) CHARACTER SET utf8mb4 COLLATE utf8mb4_general_ci NULL DEFAULT NULL COMMENT '日志标题',
    `log_type`      tinyint(1) NULL DEFAULT 0 COMMENT '日志类型 0 普通日志 1 登录日志',
    `request_type`  varchar(8) CHARACTER SET utf8mb4 COLLATE utf8mb4_general_ci NULL DEFAULT NULL COMMENT '请求类型  GET  POST  PUT DELETE ',
    `ip`            varchar(32) CHARACTER SET utf8mb4 COLLATE utf8mb4_general_ci NULL DEFAULT NULL COMMENT 'IP',
    `do_type`       tinyint(1) NULL DEFAULT 3 COMMENT '操作类型 0 添加 1 删除 2 修改 3 查询 4 doLogin',
    `browser`       varchar(32) CHARACTER SET utf8mb4 COLLATE utf8mb4_general_ci NULL DEFAULT NULL COMMENT '浏览器名称',
    `system`        varchar(255) CHARACTER SET utf8mb4 COLLATE utf8mb4_general_ci NULL DEFAULT NULL COMMENT '操作系统类型',
    `param_content` text CHARACTER SET utf8mb4 COLLATE utf8mb4_general_ci NULL COMMENT '入参',
    `result`        tinyint(1) NULL DEFAULT 0 COMMENT '结果 0 失败 1 成功',
    `result_msg`    varchar(10000) CHARACTER SET utf8mb4 COLLATE utf8mb4_general_ci NULL DEFAULT NULL COMMENT '结果信息',
    `time`          varchar(12) CHARACTER SET utf8mb4 COLLATE utf8mb4_general_ci NULL DEFAULT NULL COMMENT '用时',
    `create_by`     varchar(16) CHARACTER SET utf8mb4 COLLATE utf8mb4_general_ci NULL DEFAULT NULL COMMENT '创建人编码',
    `create_name`   varchar(16) CHARACTER SET utf8mb4 COLLATE utf8mb4_general_ci NULL DEFAULT NULL COMMENT '创建人姓名',
    `create_time`   datetime(0) NULL DEFAULT CURRENT_TIMESTAMP COMMENT '创建时间',
    `tenant_id`     bigint(22) NOT NULL COMMENT '租户ID',
    PRIMARY KEY (`id`) USING BTREE
) ENGINE = InnoDB CHARACTER SET = utf8mb4 COLLATE = utf8mb4_general_ci COMMENT = '日志' ROW_FORMAT = Dynamic;

-- ----------------------------
-- Table structure for sys_menu
-- ----------------------------
DROP TABLE IF EXISTS `sys_menu`;
CREATE TABLE `sys_menu`
(
    `id`          bigint(22) NOT NULL DEFAULT 1111111111111111111 COMMENT '主键ID',
    `platform_id` bigint(22) NULL DEFAULT NULL COMMENT '平台ID',
    `parent_id`   bigint(22) NULL DEFAULT 0 COMMENT '上一级的菜单ID',
    `title`       varchar(32) CHARACTER SET utf8mb4 COLLATE utf8mb4_general_ci NULL DEFAULT NULL COMMENT '标题',
    `name`        varchar(32) CHARACTER SET utf8mb4 COLLATE utf8mb4_general_ci NULL DEFAULT NULL COMMENT '组件名称',
    `type`        tinyint(1) NULL DEFAULT 0 COMMENT '类型 0 文件夹 1 菜单 2 按钮',
    `icon`        varchar(32) CHARACTER SET utf8mb4 COLLATE utf8mb4_general_ci NULL DEFAULT NULL COMMENT '图标',
    `path`        varchar(64) CHARACTER SET utf8mb4 COLLATE utf8mb4_general_ci NULL DEFAULT NULL COMMENT '菜单路径',
    `component`   varchar(64) CHARACTER SET utf8mb4 COLLATE utf8mb4_general_ci NULL DEFAULT NULL COMMENT '组件路径',
    `permission`  varchar(128) CHARACTER SET utf8mb4 COLLATE utf8mb4_general_ci NULL DEFAULT NULL COMMENT '权限标识',
    `href`        tinyint(1) NULL DEFAULT 0 COMMENT '是否外链 0 路由 1 外链',
    `keep_alive`  tinyint(1) NULL DEFAULT 0 COMMENT '是否缓存 0 不缓存 1 缓存',
    `hidden`      tinyint(1) NULL DEFAULT 1 COMMENT '是否隐藏 1 隐藏 0 显示',
    `sort`        int(11) NULL DEFAULT NULL COMMENT '顺序',
    `create_by`   varchar(16) CHARACTER SET utf8mb4 COLLATE utf8mb4_general_ci NULL DEFAULT NULL COMMENT '创建人编码',
    `create_name` varchar(16) CHARACTER SET utf8mb4 COLLATE utf8mb4_general_ci NULL DEFAULT NULL COMMENT '创建人姓名',
    `create_time` datetime(0) NULL DEFAULT CURRENT_TIMESTAMP COMMENT '创建时间',
    `update_by`   varchar(16) CHARACTER SET utf8mb4 COLLATE utf8mb4_general_ci NULL DEFAULT NULL COMMENT '修改人编码',
    `update_name` varchar(16) CHARACTER SET utf8mb4 COLLATE utf8mb4_general_ci NULL DEFAULT NULL COMMENT '修改人名称',
    `update_time` datetime(0) NULL DEFAULT NULL ON UPDATE CURRENT_TIMESTAMP (0) COMMENT '修改时间',
    `is_delete`   tinyint(1) NULL DEFAULT 0 COMMENT '是否删除 0 未删除 1 已删除',
    `delete_by`   varchar(16) CHARACTER SET utf8mb4 COLLATE utf8mb4_general_ci NULL DEFAULT NULL COMMENT '删除人编码',
    `tenant_id`   bigint(22) NOT NULL COMMENT '租户ID',
    PRIMARY KEY (`id`) USING BTREE
) ENGINE = InnoDB CHARACTER SET = utf8mb4 COLLATE = utf8mb4_general_ci COMMENT = '菜单' ROW_FORMAT = Dynamic;

-- ----------------------------
-- Records of sys_menu
-- ----------------------------
INSERT INTO `sys_menu`
VALUES (1578702340612321378, 1111111111111111111, 1594135789623184129, '任务日志', 'jLog', 1, 'el-icon-s-comment',
        '/jLog', '/quartz/jlog/index', 'sys:jLog:list', 0, 0, 1, 6, NULL, NULL, NULL, NULL, NULL, NULL, 0, NULL, 1);
INSERT INTO `sys_menu`
VALUES (1578702340612325378, 1111111111111111111, 1578702340666851329, '日志管理', 'log', 1, 'icon-rizhiguanli', '/log',
        '/system/log/index', 'sys:log:list', 0, 0, 0, 7, NULL, NULL, NULL, NULL, NULL, NULL, 0, NULL, 1);
INSERT INTO `sys_menu`
VALUES (1578702340620713986, 1111111111111111111, 1580357263003439106, '设计器', 'designer', 1, 'icon-shejishi',
        '/designer', '/flow/designer/index', 'flow:designer', 0, 0, 0, 3, NULL, NULL, NULL, NULL, NULL, NULL, 0, NULL,
        1);
INSERT INTO `sys_menu`
VALUES (1578702340620713987, 1111111111111111111, 1578702340683628545, '修改', NULL, 2, NULL, NULL, NULL,
        'sys:user:modify', 0, 0, 0, 5, NULL, NULL, NULL, NULL, NULL, NULL, 0, NULL, 1);
INSERT INTO `sys_menu`
VALUES (1578702340620713988, 1111111111111111111, 1578702340683628545, '删除', NULL, 2, NULL, NULL, NULL,
        'sys:user:delete', 0, 0, 0, 3, NULL, NULL, NULL, NULL, NULL, NULL, 0, NULL, 1);
INSERT INTO `sys_menu`
VALUES (1578702340624908290, 1111111111111111111, 1578702340683628545, '添加', NULL, 2, NULL, NULL, NULL,
        'sys:user:create', 0, 0, 0, 2, NULL, NULL, NULL, NULL, NULL, NULL, 0, NULL, 1);
INSERT INTO `sys_menu`
VALUES (1578702340624908291, 1111111111111111111, 1578702340683628546, '修改', NULL, 2, NULL, NULL, NULL,
        'sys:menu:modify', 0, 0, 0, 2, NULL, NULL, NULL, NULL, NULL, NULL, 0, NULL, 1);
INSERT INTO `sys_menu`
VALUES (1578702340624908292, 1111111111111111111, 1578702340683628546, '删除', NULL, 2, NULL, NULL, NULL,
        'sys:menu:delete', 0, 0, 0, 3, NULL, NULL, NULL, NULL, NULL, NULL, 0, NULL, 1);
INSERT INTO `sys_menu`
VALUES (1578702340624908293, 1111111111111111111, 1578702340683628546, '添加', NULL, 2, NULL, NULL, NULL,
        'sys:menu:create', 0, 0, 0, 1, NULL, NULL, NULL, NULL, NULL, NULL, 0, NULL, 1);
INSERT INTO `sys_menu`
VALUES (1578702340633296898, 1111111111111111111, 1578702340662657026, '删除', NULL, 2, NULL, NULL, NULL,
        'sys:dept:delete', 0, 0, 0, 3, NULL, NULL, NULL, NULL, NULL, NULL, 0, NULL, 1);
INSERT INTO `sys_menu`
VALUES (1578702340633296899, 1111111111111111111, 1578702340662657026, '添加', NULL, 2, NULL, NULL, NULL,
        'sys:dept:create', 0, 0, 0, 2, NULL, NULL, NULL, NULL, NULL, NULL, 0, NULL, 1);
INSERT INTO `sys_menu`
VALUES (1578702340641685505, 1111111111111111111, 1578702340654268418, '修改', NULL, 2, NULL, NULL, NULL,
        'sys:role:modify', 0, 0, 0, 2, NULL, NULL, NULL, NULL, NULL, NULL, 0, NULL, 1);
INSERT INTO `sys_menu`
VALUES (1578702340641685506, 1111111111111111111, 1578702340654268418, '删除', NULL, 2, NULL, NULL, NULL,
        'sys:role:delete', 0, 0, 0, 3, NULL, NULL, NULL, NULL, NULL, NULL, 0, NULL, 1);
INSERT INTO `sys_menu`
VALUES (1578702340650074114, 1111111111111111111, 1578702340654268418, '添加', NULL, 2, NULL, NULL, NULL,
        'sys:role:create', 0, 0, 0, 1, NULL, NULL, NULL, NULL, NULL, NULL, 0, NULL, 1);
INSERT INTO `sys_menu`
VALUES (1578702340650074115, 1111111111111111111, 1578702340662657027, '修改', NULL, 2, NULL, NULL, NULL,
        'sys:dict:modify', 0, 0, 0, 1, NULL, NULL, NULL, NULL, NULL, NULL, 0, NULL, 1);
INSERT INTO `sys_menu`
VALUES (1578702340650074116, 1111111111111111111, 1578702340662657027, '删除', NULL, 2, NULL, NULL, NULL,
        'sys:dict:delete', 0, 0, 0, 2, NULL, NULL, NULL, NULL, NULL, NULL, 0, NULL, 1);
INSERT INTO `sys_menu`
VALUES (1578702340650074117, 1111111111111111111, 1578702340662657027, '添加', NULL, 2, NULL, NULL, NULL,
        'sys:dict:create', 0, 0, 0, 3, NULL, NULL, NULL, NULL, NULL, NULL, 0, NULL, 1);
INSERT INTO `sys_menu`
VALUES (1578702340654268411, 1111111111111111111, 1578702340612325378, '清空表', NULL, 2, NULL, NULL, NULL,
        'sys:log:truncate', 0, 0, 0, 1, NULL, NULL, NULL, NULL, NULL, NULL, 0, NULL, 1);
INSERT INTO `sys_menu`
VALUES (1578702340654268412, 1111111111111111111, 1578702340666851329, '租户管理', 'tenant', 1, 'icon-zuhuguanli',
        '/tenant', '/system/tenant/index', 'sys:tenant:list', 0, 0, 0, 10, NULL, NULL, NULL, NULL, NULL, NULL, 0,
        NULL, 1);
INSERT INTO `sys_menu`
VALUES (1578702340654268416, 1111111111111111111, 1578702340666851329, '岗位管理', 'post', 1, 'icon-gangweizu', '/post',
        '/system/post/index', 'sys:post:list', 0, 0, 0, 4, NULL, NULL, NULL, NULL, NULL, NULL, 0, NULL, 1);
INSERT INTO `sys_menu`
VALUES (1578702340654268417, 1111111111111111111, 1578702340612325378, '删除', NULL, 2, NULL, NULL, NULL,
        'sys:log:delete', 0, 0, 0, 2, NULL, NULL, NULL, NULL, NULL, NULL, 0, NULL, 1);
INSERT INTO `sys_menu`
VALUES (1578702340654268418, 1111111111111111111, 1578702340666851329, '角色管理', 'role', 1, 'icon-jiaoseguanli',
        '/role', '/system/role/index', 'sys:role:list', 0, 0, 0, 5, NULL, NULL, NULL, NULL, NULL, NULL, 0, NULL, 1);
INSERT INTO `sys_menu`
VALUES (1578702340662657026, 1111111111111111111, 1578702340666851329, '部门管理', 'dept', 1, 'icon-bumenguanli',
        '/dept', '/system/dept/index', 'sys:dept:list', 0, 0, 0, 9, NULL, NULL, NULL, NULL, NULL, NULL, 0, NULL, 1);
INSERT INTO `sys_menu`
VALUES (1578702340662657027, 1111111111111111111, 1578702340666851329, '字典管理', 'dict', 1, 'icon-menu_zdgl', '/dict',
        '/system/dict/index', 'sys:dict:list', 0, 0, 0, 6, NULL, NULL, NULL, NULL, NULL, NULL, 0, NULL, 1);
INSERT INTO `sys_menu`
VALUES (1578702340666851329, 1111111111111111111, 1111111111111111111, '权限管理', '', 0, 'icon-quanxianguanli',
        '/upms', '', '', 0, 0, 0, 1, NULL, NULL, NULL, NULL, NULL, NULL, 0, NULL, 1);
INSERT INTO `sys_menu`
VALUES (1578702340671045634, 1111111111111111111, 1578702340666851329, '平台管理', 'platform', 1, 'icon-pingtaiguanli',
        '/platform', '/system/platform/index', 'sys:platform:list', 0, 0, 0, 1, NULL, NULL, NULL, NULL, NULL, NULL,
        0, NULL, 1);
INSERT INTO `sys_menu`
VALUES (1578702340671045635, 1111111111111111111, 1578702340671045634, '添加', NULL, 2, NULL, NULL, NULL,
        'sys:platform:create', 0, 0, 0, 1, NULL, NULL, NULL, NULL, NULL, NULL, 0, NULL, 1);
INSERT INTO `sys_menu`
VALUES (1578702340679434241, 1111111111111111111, 1578702340671045634, '修改', NULL, 2, NULL, NULL, NULL,
        'sys:platform:modify', 0, 0, 0, 2, NULL, NULL, NULL, NULL, NULL, NULL, 0, NULL, 1);
INSERT INTO `sys_menu`
VALUES (1578702340679434243, 1111111111111111111, 1578702340671045634, '删除', NULL, 2, NULL, NULL, NULL,
        'sys:platform:delete', 0, 0, 0, 3, NULL, NULL, NULL, NULL, NULL, NULL, 0, NULL, 1);
INSERT INTO `sys_menu`
VALUES (1578702340683628545, 1111111111111111111, 1578702340666851329, '用户管理', 'user', 1, 'icon-yonghuguanli',
        '/user', '/system/user/index', 'sys:user:list', 0, 0, 0, 2, NULL, NULL, NULL, NULL, NULL, NULL, 0, NULL, 1);
INSERT INTO `sys_menu`
VALUES (1578702340683628546, 1111111111111111111, 1578702340666851329, '菜单管理', 'menu', 1, 'icon-caidanguanli',
        '/menu', '/system/menu/index', 'sys:menu:list', 0, 0, 0, 3, NULL, NULL, NULL, NULL, NULL, NULL, 0, NULL, 1);
INSERT INTO `sys_menu`
VALUES (1580357263003439106, 1111111111111111111, 1111111111111111111, '流程管理', NULL, 0, 'icon-bumenguanli', '/flow',
        NULL, NULL, 0, 0, 0, 4, NULL, NULL, NULL, NULL, NULL, NULL, 0, NULL, 1);
INSERT INTO `sys_menu`
VALUES (1580357773622202370, 1111111111111111111, 1580357263003439106, '流程分类', 'category', 1, 'icon-fenlei',
        '/category', '/flow/category/index', 'flow:category:list', 0, 0, 0, 1, NULL, NULL, NULL, NULL, NULL, NULL, 0,
        NULL, 1);
INSERT INTO `sys_menu`
VALUES (1581843318345035778, 1111111111111111111, 1578702340662657026, '修改', NULL, 2, NULL, NULL, NULL,
        'sys:dept:modify', 0, 0, 0, 1, NULL, NULL, NULL, NULL, NULL, NULL, 0, NULL, 1);
INSERT INTO `sys_menu`
VALUES (1581965904601088001, 1111111111111111111, 1581966349440581634, '测试KeepAive', 'testKeep', 1, 'icon-test',
        '/testKeep', '/test/testKeep/TestKeepView', 'keep:create', 0, 1, 0, 2, NULL, NULL, NULL, NULL, NULL, NULL, 0,
        NULL, 1);
INSERT INTO `sys_menu`
VALUES (1581965904601088002, 1111111111111111111, 1581966349440581634, '测试外部链接', NULL, 1, 'icon-test',
        'http://ww.baidu.com', NULL, NULL, 1, 0, 0, 3, NULL, NULL, NULL, NULL, NULL, NULL, 0, NULL, 1);
INSERT INTO `sys_menu`
VALUES (1581966349440581634, 1111111111111111111, 1111111111111111111, '相关测试', NULL, 0, 'icon-test', '/test', NULL,
        NULL, 0, 0, 0, 5, NULL, NULL, NULL, NULL, NULL, NULL, 0, NULL, 1);
INSERT INTO `sys_menu`
VALUES (1582554585967800321, 1111111111111111111, 1111111111111111111, '监控平台', NULL, 0, 'icon-jurassic_monitor',
        '/monitor', NULL, NULL, 0, 0, 0, 3, NULL, NULL, NULL, NULL, NULL, NULL, 0, NULL, 1);
INSERT INTO `sys_menu`
VALUES (1582555155344568321, 1111111111111111111, 1582554585967800321, 'swagger', NULL, 1, 'icon-swagger',
        'http://localhost:9000/doc.html#/home', NULL, NULL, 1, 0, 0, 1, NULL, NULL, NULL, NULL, NULL, NULL, 0, NULL, 1);
INSERT INTO `sys_menu`
VALUES (1582558188828790785, 1111111111111111111, 1582554585967800321, '德鲁伊', NULL, 1, 'icon-druid',
        'http://localhost:9000/druid/login.html', NULL, NULL, 1, 0, 0, 2, NULL, NULL, NULL, NULL, NULL, NULL, 0, NULL,
        1);
INSERT INTO `sys_menu`
VALUES (1582607135668621314, 1111111111111111111, 1581966349440581634, '掘金', NULL, 1, 'icon-test',
        'https://juejin.cn/', NULL, NULL, 1, 0, 0, 1, NULL, NULL, NULL, NULL, NULL, NULL, 0, NULL, 1);
INSERT INTO `sys_menu`
VALUES (1582688861908611074, 1111111111111111111, 1581965904601088002, 'elementUI', NULL, 1, 'svg-abc12312312',
        'https://element.eleme.cn', NULL, NULL, 1, 0, 0, 1, NULL, NULL, NULL, NULL, NULL, NULL, 0, NULL, 1);
INSERT INTO `sys_menu`
VALUES (1586717542633123841, 1111111111111111111, 1578702340683628545, '角色分配', 'userRole', 1, NULL, '/userRole',
        '/system/user/role/index', 'sys:role:list', 0, 1, 1, 1, NULL, NULL, NULL, NULL, NULL, NULL, 0, NULL, 1);
INSERT INTO `sys_menu`
VALUES (1586717542633123843, 1111111111111111111, 1578702340662657027, '字典项', 'dictItem', 1, NULL, '/dictItem',
        '/system/dict/item/index', 'sys:item:list', 0, 0, 1, 4, NULL, NULL, NULL, NULL, NULL, NULL, 0, NULL, 1);
INSERT INTO `sys_menu`
VALUES (1587692336744742913, 1111111111111111111, 1578702340683628545, '详情', NULL, 2, NULL, NULL, NULL,
        'sys:user:info', 0, 0, 0, 4, NULL, NULL, NULL, NULL, NULL, NULL, 0, NULL, 1);
INSERT INTO `sys_menu`
VALUES (1589181822230018781, 1111111111111111111, 9223372036854775119, '修改', NULL, 2, NULL, NULL, NULL,
        'sys:msg:modify', 0, 0, 0, 2, NULL, NULL, NULL, NULL, NULL, NULL, 0, NULL, 1);
INSERT INTO `sys_menu`
VALUES (1589181822230018782, 1111111111111111111, 9223372036854775120, '修改', NULL, 2, NULL, NULL, NULL,
        'sys:msgUser:modify', 0, 0, 0, 1, NULL, NULL, NULL, NULL, NULL, NULL, 0, NULL, 1);
INSERT INTO `sys_menu`
VALUES (1589181822230048172, 1111111111111111111, 9223372036854775119, '删除', NULL, 2, NULL, NULL, NULL,
        'sys:msg:delete', 0, 0, 0, 3, NULL, NULL, NULL, NULL, NULL, NULL, 0, NULL, 1);
INSERT INTO `sys_menu`
VALUES (1589181822230048178, 1111111111111111111, 9223372036854775120, '删除', NULL, 2, NULL, NULL, NULL,
        'sys:msgUser:delete', 0, 0, 0, 2, NULL, NULL, NULL, NULL, NULL, NULL, 0, NULL, 1);
INSERT INTO `sys_menu`
VALUES (1589181822230048770, 1111111111111111111, 1578702340654268416, '添加', NULL, 2, NULL, NULL, NULL,
        'sys:post:create', 0, 0, 0, 1, NULL, NULL, NULL, NULL, NULL, NULL, 0, NULL, 1);
INSERT INTO `sys_menu`
VALUES (1589181822230048771, 1111111111111111111, 1578702340654268416, '修改', NULL, 2, NULL, NULL, NULL,
        'sys:post:modify', 0, 0, 0, 2, NULL, NULL, NULL, NULL, NULL, NULL, 0, NULL, 1);
INSERT INTO `sys_menu`
VALUES (1589181822230048772, 1111111111111111111, 1578702340654268416, '删除', NULL, 2, NULL, NULL, NULL,
        'sys:post:delete', 0, 0, 0, 3, NULL, NULL, NULL, NULL, NULL, NULL, 0, NULL, 1);
INSERT INTO `sys_menu`
VALUES (1589181822230048778, 1111111111111111111, 1594135789623984129, '删除', NULL, 2, NULL, NULL, NULL,
        'sys:file:delete', 0, 0, 0, 4, NULL, NULL, NULL, NULL, NULL, NULL, 0, NULL, 1);
INSERT INTO `sys_menu`
VALUES (1589181822230048781, 1111111111111111111, 1578702340654268412, '添加', NULL, 2, NULL, NULL, NULL,
        'sys:tenant:create', 0, 0, 0, 1, NULL, NULL, NULL, NULL, NULL, NULL, 0, NULL, 1);
INSERT INTO `sys_menu`
VALUES (1589181822230048782, 1111111111111111111, 1578702340654268412, '修改', NULL, 2, NULL, NULL, NULL,
        'sys:tenant:modify', 0, 0, 0, 2, NULL, NULL, NULL, NULL, NULL, NULL, 0, NULL, 1);
INSERT INTO `sys_menu`
VALUES (1589181822230048783, 1111111111111111111, 1578702340654268412, '删除', NULL, 2, NULL, NULL, NULL,
        'sys:tenant:delete', 0, 0, 0, 3, NULL, NULL, NULL, NULL, NULL, NULL, 0, NULL, 1);
INSERT INTO `sys_menu`
VALUES (1589181822230049781, 1111111111111111111, 9223372036854775119, '添加', NULL, 2, NULL, NULL, NULL,
        'sys:msg:create', 0, 0, 0, 1, NULL, NULL, NULL, NULL, NULL, NULL, 0, NULL, 1);
INSERT INTO `sys_menu`
VALUES (1589789746153263106, 1111111111111111111, 9223372036854775807, '添加', NULL, 2, NULL, NULL, NULL,
        'sys:permission:create', 0, 0, 0, 1, NULL, NULL, NULL, NULL, NULL, NULL, 0, NULL, 1);
INSERT INTO `sys_menu`
VALUES (1594135789623184129, 1111111111111111111, 1637297406628823041, '任务管理', 'job', 1, 'icon-renwu', '/job',
        '/quartz/job/index', 'sys:job:list', 0, 0, 0, 5, NULL, NULL, NULL, NULL, NULL, NULL, 0, NULL, 1);
INSERT INTO `sys_menu`
VALUES (1594135789623984129, 1111111111111111111, 1637297406628823041, '文件管理', 'file', 1, 'icon-wenjianguanli',
        '/file', '/system/file/index', 'sys:file:list', 0, 0, 0, 4, NULL, NULL, NULL, NULL, NULL, NULL, 0, NULL, 1);
INSERT INTO `sys_menu`
VALUES (1594531945449451666, 1111111111111111111, 1594135789623984129, '预览', NULL, 2, NULL, NULL, NULL,
        'sys:file:preview', 0, 0, 0, 3, NULL, NULL, NULL, NULL, NULL, NULL, 0, NULL, 1);
INSERT INTO `sys_menu`
VALUES (1594532038764326666, 1111111111111111111, 1594135789623984129, '文件上传', NULL, 2, NULL, NULL, NULL,
        'sys:file:upload', 0, 0, 0, 1, NULL, NULL, NULL, NULL, NULL, NULL, 0, NULL, 1);
INSERT INTO `sys_menu`
VALUES (1594532038764326913, 1111111111111111111, 1594135789623984129, '下载', NULL, 2, NULL, NULL, NULL,
        'sys:file:download', 0, 0, 0, 2, NULL, NULL, NULL, NULL, NULL, NULL, 0, NULL, 1);
INSERT INTO `sys_menu`
VALUES (1598222373868695553, 1111111111111111111, 9223372036854775807, '删除', NULL, 2, NULL, NULL, NULL,
        'sys:permission:delete', 0, 0, 0, 3, NULL, NULL, NULL, NULL, NULL, NULL, 0, NULL, 1);
INSERT INTO `sys_menu`
VALUES (1598222575933485057, 1111111111111111111, 9223372036854775807, '修改', NULL, 2, NULL, NULL, NULL,
        'sys:permission:modify', 0, 0, 0, 2, NULL, NULL, NULL, NULL, NULL, NULL, 0, NULL, 1);
INSERT INTO `sys_menu`
VALUES (1599935876379897858, 1111111111111111111, 1586717542633123841, '用户增加角色', NULL, 2, NULL, NULL, NULL,
        'sys:user:setRole', 0, 0, 0, 1, NULL, NULL, NULL, NULL, NULL, NULL, 0, NULL, 1);
INSERT INTO `sys_menu`
VALUES (1599935889646481409, 1111111111111111111, 1, '用户增加角色', NULL, 2, NULL, NULL, NULL,
        'sys:user:userSetRole', 0, 0, 0, 1, NULL, NULL, NULL, NULL, NULL, NULL, 0, NULL, 1);
INSERT INTO `sys_menu`
VALUES (1599935894306353153, 1111111111111111111, 1, '用户增加角色', NULL, 2, NULL, NULL, NULL,
        'sys:user:userSetRole', 0, 0, 0, 1, NULL, NULL, NULL, NULL, NULL, NULL, 0, NULL, 1);
INSERT INTO `sys_menu`
VALUES (1599936079744921601, 1111111111111111111, 1, '用户增加角色', NULL, 2, NULL, NULL, NULL,
        'sys:user:userSetRole', 0, 0, 0, 1, NULL, NULL, NULL, NULL, NULL, NULL, 0, NULL, 1);
INSERT INTO `sys_menu`
VALUES (1599936405688479746, 1111111111111111111, 1586717542633123841, '重置密码', NULL, 2, NULL, NULL, NULL,
        'sys:user:reset', 0, 0, 0, 1, NULL, NULL, NULL, NULL, NULL, NULL, 0, NULL, 1);
INSERT INTO `sys_menu`
VALUES (1601081152259891202, 1111111111111111111, 1578702340683628545, '导出', NULL, 2, NULL, NULL, NULL,
        'sys:user:export', 0, 0, 0, 6, NULL, NULL, NULL, NULL, NULL, NULL, 0, NULL, 1);
INSERT INTO `sys_menu`
VALUES (1601858203636092929, 1111111111111111111, 1578702340654268418, '数据权限', NULL, 2, NULL, NULL, NULL,
        'sys:permission:edit', 0, 0, 0, 4, NULL, NULL, NULL, NULL, NULL, NULL, 0, NULL, 1);
INSERT INTO `sys_menu`
VALUES (1632642093459915239, 1111111111111111111, 1578702340612321378, '删除', NULL, 2, NULL, NULL, NULL,
        'sys:jLog:delete', 0, 0, 0, 1, NULL, NULL, NULL, NULL, NULL, NULL, 0, NULL, 1);
INSERT INTO `sys_menu`
VALUES (1632642093459935231, 1111111111111111111, 1594135789623184129, '添加', NULL, 2, NULL, NULL, NULL,
        'sys:job:create', 0, 0, 0, 1, NULL, NULL, NULL, NULL, NULL, NULL, 0, NULL, 1);
INSERT INTO `sys_menu`
VALUES (1632642093459935232, 1111111111111111111, 1594135789623184129, '删除', NULL, 2, NULL, NULL, NULL,
        'sys:job:delete', 0, 0, 0, 3, NULL, NULL, NULL, NULL, NULL, NULL, 0, NULL, 1);
INSERT INTO `sys_menu`
VALUES (1632642093459935233, 1111111111111111111, 1578702340620713986, '流程部署', NULL, 2, NULL, NULL, NULL,
        'flow:definition:deploy', 0, 0, 0, 1, NULL, NULL, NULL, NULL, NULL, NULL, 0, NULL, 1);
INSERT INTO `sys_menu`
VALUES (1632642093459935234, 1111111111111111111, 1580357773622202370, '添加', NULL, 2, NULL, NULL, NULL,
        'flow:category:create', 0, 0, 0, 1, NULL, NULL, NULL, NULL, NULL, NULL, 0, NULL, 1);
INSERT INTO `sys_menu`
VALUES (1632642093459935235, 1111111111111111111, 1580357773622202370, '删除', NULL, 2, NULL, NULL, NULL,
        'flow:category:delete', 0, 0, 0, 2, NULL, NULL, NULL, NULL, NULL, NULL, 0, NULL, 1);
INSERT INTO `sys_menu`
VALUES (1632642093459935236, 1111111111111111111, 1578702340612321378, '清空', NULL, 2, NULL, NULL, NULL,
        'sys:jLog:truncate', 0, 0, 0, 2, NULL, NULL, NULL, NULL, NULL, NULL, 0, NULL, 1);
INSERT INTO `sys_menu`
VALUES (1632642093459935239, 1111111111111111111, 1594135789623184129, '修改', NULL, 2, NULL, NULL, NULL,
        'sys:job:modify', 0, 0, 0, 4, NULL, NULL, NULL, NULL, NULL, NULL, 0, NULL, 1);
INSERT INTO `sys_menu`
VALUES (1632642093459935256, 1111111111111111111, 1580357773622202370, '修改', NULL, 2, NULL, NULL, NULL,
        'flow:category:modify', 0, 0, 0, 3, NULL, NULL, NULL, NULL, NULL, NULL, 0, NULL, 1);
INSERT INTO `sys_menu`
VALUES (1632925687029903361, 1111111111111111111, 9223372036854775121, '查看', NULL, 2, NULL, NULL, NULL,
        'flow:definition:info', 0, 0, 0, 1, NULL, NULL, NULL, NULL, NULL, NULL, 0, NULL, 1);
INSERT INTO `sys_menu`
VALUES (1632925792583757826, 1111111111111111111, 9223372036854775121, '删除', NULL, 2, NULL, NULL, NULL,
        'flow:definition:delete', 0, 0, 0, 1, NULL, NULL, NULL, NULL, NULL, NULL, 0, NULL, 1);
INSERT INTO `sys_menu`
VALUES (1632950163226464257, 1111111111111111111, 9223372036854775121, '启动', NULL, 2, NULL, NULL, NULL,
        'flow:instance:start', 0, 0, 0, 1, NULL, NULL, NULL, NULL, NULL, NULL, 0, NULL, 1);
INSERT INTO `sys_menu`
VALUES (1632950317358747649, 1111111111111111111, 9223372036854775121, '设计', NULL, 2, NULL, NULL, NULL,
        'flow:designer', 0, 0, 0, 1, NULL, NULL, NULL, NULL, NULL, NULL, 0, NULL, 1);
INSERT INTO `sys_menu`
VALUES (1632979037821743106, 1111111111111111111, 9223372036854775121, '新建', NULL, 2, NULL, NULL, NULL,
        'flow:definition:create', 0, 0, 0, 1, NULL, NULL, NULL, NULL, NULL, NULL, 0, NULL, 1);
INSERT INTO `sys_menu`
VALUES (1633285580421271553, 1111111111111111111, 1580357263003439106, '流程实例', 'instance', 1,
        'icon-liuchengshiliguanli', '/instance', '/flow/instance/index', 'flow:instance:list', 0, 0, 0, 5, NULL, NULL,
        NULL, NULL, NULL, NULL, 0, NULL, 1);
INSERT INTO `sys_menu`
VALUES (1633338860669214722, 1111111111111111111, 9223372036854775121, '流程挂起', NULL, 2, NULL, NULL, NULL,
        'flow:definition:suspended', 0, 0, 0, 1, NULL, NULL, NULL, NULL, NULL, NULL, 0, NULL, 1);
INSERT INTO `sys_menu`
VALUES (1633349367631314945, 1111111111111111111, 9223372036854775121, '发布', NULL, 2, NULL, NULL, NULL,
        'flow:instance:publish', 0, 0, 0, 1, NULL, NULL, NULL, NULL, NULL, NULL, 0, NULL, 1);
INSERT INTO `sys_menu`
VALUES (1635920329879056385, 1111111111111111111, 1580357263003439106, 'flowUI', NULL, 1, 'icon-renwuliucheng',
        'http://localhost:8989/flow-ui/idm/#/user-mgmt', NULL, NULL, 1, 0, 0, 15, NULL, NULL, NULL, NULL, NULL, NULL, 0,
        NULL, 1);
INSERT INTO `sys_menu`
VALUES (1637297406628823041, 1111111111111111111, 1111111111111111111, '系统管理', NULL, 0, 'icon-xitongguanli',
        '/system', NULL, NULL, 0, 0, 0, 2, NULL, NULL, NULL, NULL, NULL, NULL, 0, NULL, 1);
INSERT INTO `sys_menu`
VALUES (1637647486464438273, 1111111111111111111, 1594135789623184129, '运行一次', NULL, 2, NULL, NULL, NULL,
        'sys:job:run', 0, 0, 0, 2, NULL, NULL, NULL, NULL, NULL, NULL, 0, NULL, 1);
INSERT INTO `sys_menu`
VALUES (1648569698801393666, 1111111111111111111, 1637297406628823041, '客户端管理', 'client', 1, 'icon-yonghuguanli',
        '/client', '/system/client/index', 'sys:client:list', 0, 0, 0, 1, NULL, NULL, NULL, NULL, NULL, NULL, 0,
        NULL, 1);
INSERT INTO `sys_menu`
VALUES (1657464120406532098, 1111111111111111111, 1648569698801393666, '添加', NULL, 2, NULL, NULL, NULL,
        'sys:client:create', 0, 0, 0, 1, NULL, NULL, NULL, NULL, NULL, NULL, 0, NULL, 1);
INSERT INTO `sys_menu`
VALUES (1657464313466150914, 1111111111111111111, 1648569698801393666, '修改', NULL, 2, NULL, NULL, NULL,
        'sys:client:modify', 0, 0, 0, 2, NULL, NULL, NULL, NULL, NULL, NULL, 0, NULL, 1);
INSERT INTO `sys_menu`
VALUES (1657464432802488321, 1111111111111111111, 1648569698801393666, '删除', NULL, 2, NULL, NULL, NULL,
        'sys:client:delete', 0, 0, 0, 3, NULL, NULL, NULL, NULL, NULL, NULL, 0, NULL, 1);
INSERT INTO `sys_menu`
VALUES (1658346521789206529, 1111111111111111111, 1648569698801393666, '重置密钥', NULL, 2, NULL, NULL, NULL,
        'sys:client:resetClientSecret', 0, 0, 0, 1, NULL, NULL, NULL, NULL, NULL, NULL, 0, NULL, 1);
INSERT INTO `sys_menu`
VALUES (1664159611618799618, 1111111111111111111, 1582554585967800321, 'springdoc', NULL, 1, 'icon-swagger',
        'http://localhost:9000/swagger-ui/index.html', NULL, NULL, 1, 0, 0, 1, NULL, NULL, NULL, NULL, NULL, NULL, 0,
        NULL, 1);
INSERT INTO `sys_menu`
VALUES (1676117949968084994, 1111111111111111111, 1637297406628823041, '表单生成器', 'gen', 1, 'icon-sey-gonggao-b',
        '/gen', '/gen/index', '::', 0, 0, 0, 1, NULL, NULL, NULL, NULL, NULL, NULL, 0, NULL, 1);
INSERT INTO `sys_menu`
VALUES (9223372036854775119, 1111111111111111111, 1637297406628823041, '消息公告', 'msg', 1, 'icon-sey-gonggao-b',
        '/msg', '/system/msg/index', 'sys:msg:list', 0, 0, 0, 3, NULL, NULL, NULL, NULL, NULL, NULL, 0, NULL, 1);
INSERT INTO `sys_menu`
VALUES (9223372036854775120, 1111111111111111111, 1637297406628823041, '用户消息', 'userMsg', 1, 'icon-xiaoxi',
        '/msgUser', '/system/msgUser/index', 'sys:msgUser:list', 0, 0, 0, 2, NULL, NULL, NULL, NULL, NULL, NULL, 0,
        NULL, 1);
INSERT INTO `sys_menu`
VALUES (9223372036854775121, 1111111111111111111, 1580357263003439106, '流程定义', 'definition', 1,
        'icon-renwuliucheng', '/definition', '/flow/definition/index', 'flow:definition:list', 0, 0, 0, 2, NULL, NULL,
        NULL, NULL, NULL, NULL, 0, NULL, 1);
INSERT INTO `sys_menu`
VALUES (9223372036854775807, 1111111111111111111, 1578702340666851329, '数据权限', 'permission', 1,
        'icon-quanxianguanli', '/permission', '/system/permission/index', 'sys:permission:list', 0, 0, 0, 8, NULL,
        NULL, NULL, NULL, NULL, NULL, 0, NULL, 1);

-- ----------------------------
-- Table structure for sys_msg
-- ----------------------------
DROP TABLE IF EXISTS `sys_msg`;
CREATE TABLE `sys_msg`
(
    `id`          bigint(22) NOT NULL COMMENT '主键ID',
    `dept_id`     bigint(22) NULL DEFAULT NULL COMMENT '数据权限使用',
    `title`       varchar(255) CHARACTER SET utf8mb4 COLLATE utf8mb4_general_ci NULL DEFAULT NULL COMMENT '消息标题',
    `code`        varchar(255) CHARACTER SET utf8mb4 COLLATE utf8mb4_general_ci NULL DEFAULT NULL COMMENT '消息编码',
    `type`        tinyint(1) NULL DEFAULT NULL COMMENT '消息类型 0 通知 1 公告',
    `level`       varchar(16) CHARACTER SET utf8mb4 COLLATE utf8mb4_general_ci NULL DEFAULT NULL COMMENT '消息级别 error 紧急消息 info 一般消息 warning 警示消息 success 正常消息',
    `user_id`     bigint(22) NULL DEFAULT NULL COMMENT '消息发送人',
    `content`     text CHARACTER SET utf8mb4 COLLATE utf8mb4_general_ci NULL COMMENT '消息内容',
    `create_by`   varchar(16) CHARACTER SET utf8mb4 COLLATE utf8mb4_general_ci NULL DEFAULT NULL COMMENT '创建人编码',
    `create_name` varchar(16) CHARACTER SET utf8mb4 COLLATE utf8mb4_general_ci NULL DEFAULT NULL COMMENT '创建人姓名',
    `create_time` datetime(0) NULL DEFAULT CURRENT_TIMESTAMP COMMENT '创建时间',
    `update_by`   varchar(16) CHARACTER SET utf8mb4 COLLATE utf8mb4_general_ci NULL DEFAULT NULL COMMENT '修改人编码',
    `update_name` varchar(16) CHARACTER SET utf8mb4 COLLATE utf8mb4_general_ci NULL DEFAULT NULL COMMENT '修改人姓名',
    `update_time` datetime(0) NULL DEFAULT NULL ON UPDATE CURRENT_TIMESTAMP (0) COMMENT '修改时间',
    `is_delete`   tinyint(1) NULL DEFAULT 0 COMMENT '是否删除 0 未删除 1 已删除',
    `delete_by`   varchar(16) CHARACTER SET utf8mb4 COLLATE utf8mb4_general_ci NULL DEFAULT NULL COMMENT '删除人编码',
    `tenant_id`   bigint(22) NOT NULL COMMENT '租户ID',
    PRIMARY KEY (`id`) USING BTREE
) ENGINE = InnoDB CHARACTER SET = utf8mb4 COLLATE = utf8mb4_general_ci COMMENT = '消息' ROW_FORMAT = Dynamic;

-- ----------------------------
-- Records of sys_msg
-- ----------------------------
INSERT INTO `sys_msg`
VALUES (1594154596111454210, NULL, '你好世界', 'Halo3', 1, 'warning', NULL, '你好', NULL, NULL, NULL, NULL, NULL, NULL,
        0, NULL, 1);
INSERT INTO `sys_msg`
VALUES (1594154596111454211, NULL, '你好世界', 'Halo2', 1, 'warning', NULL, '你好', NULL, NULL, NULL, NULL, NULL, NULL,
        0, NULL, 1);
INSERT INTO `sys_msg`
VALUES (1594154596111454212, NULL, '你好世界', 'Halo1', 1, 'danger', NULL, '你好', NULL, NULL, NULL, NULL, NULL, NULL,
        0, NULL, 1);
INSERT INTO `sys_msg`
VALUES (1595966082236538882, NULL, '你好世界', 'Halo', 1, 'info', NULL, '你好', NULL, NULL, NULL, NULL, NULL, NULL, 0,
        NULL, 1);

-- ----------------------------
-- Table structure for sys_msg_channal
-- ----------------------------
DROP TABLE IF EXISTS `sys_msg_channal`;
CREATE TABLE `sys_msg_channal`
(
    `id`          bigint(22) NOT NULL COMMENT '主键ID',
    `msg_id`      bigint(22) NULL DEFAULT NULL COMMENT '消息ID',
    `type`        tinyint(1) NULL DEFAULT NULL COMMENT '渠道类型 1 邮件 2 系统通知 3 小程序通知 4 公众号通知',
    `create_by`   varchar(16) CHARACTER SET utf8mb4 COLLATE utf8mb4_general_ci NULL DEFAULT NULL COMMENT '创建人编码',
    `create_name` varchar(16) CHARACTER SET utf8mb4 COLLATE utf8mb4_general_ci NULL DEFAULT NULL COMMENT '创建人姓名',
    `create_time` datetime(0) NULL DEFAULT CURRENT_TIMESTAMP COMMENT '创建时间',
    `update_by`   varchar(16) CHARACTER SET utf8mb4 COLLATE utf8mb4_general_ci NULL DEFAULT NULL COMMENT '修改人编码',
    `update_name` varchar(16) CHARACTER SET utf8mb4 COLLATE utf8mb4_general_ci NULL DEFAULT NULL COMMENT '修改人姓名',
    `update_time` datetime(0) NULL DEFAULT NULL ON UPDATE CURRENT_TIMESTAMP (0) COMMENT '修改时间',
    `is_delete`   tinyint(1) NULL DEFAULT 0 COMMENT '是否删除 0 未删除 1 已删除',
    `delete_by`   varchar(16) CHARACTER SET utf8mb4 COLLATE utf8mb4_general_ci NULL DEFAULT NULL COMMENT '删除人编码',
    `tenant_id`   bigint(22) NOT NULL COMMENT '租户ID',
    PRIMARY KEY (`id`) USING BTREE
) ENGINE = InnoDB CHARACTER SET = utf8mb4 COLLATE = utf8mb4_general_ci COMMENT = '消息' ROW_FORMAT = Dynamic;

-- ----------------------------
-- Table structure for sys_msg_user
-- ----------------------------
DROP TABLE IF EXISTS `sys_msg_user`;
CREATE TABLE `sys_msg_user`
(
    `id`          bigint(22) NOT NULL COMMENT '主键ID',
    `msg_id`      bigint(22) NULL DEFAULT NULL COMMENT '消息ID',
    `is_read`     tinyint(1) NULL DEFAULT 0 COMMENT '标记已读 0 未读 1 已读',
    `is_close`    tinyint(1) NULL DEFAULT 0 COMMENT '标记关闭 0 未关闭 1 已关闭',
    `dept_id`     bigint(20) NULL DEFAULT NULL COMMENT '信息所属部门ID（数据权限使用）',
    `user_id`     bigint(22) NULL DEFAULT NULL COMMENT '接收消息的用户ID （数据权限使用）',
    `create_by`   varchar(16) CHARACTER SET utf8mb4 COLLATE utf8mb4_general_ci NULL DEFAULT NULL COMMENT '创建人编码',
    `create_name` varchar(16) CHARACTER SET utf8mb4 COLLATE utf8mb4_general_ci NULL DEFAULT NULL COMMENT '创建人姓名',
    `create_time` datetime(0) NULL DEFAULT CURRENT_TIMESTAMP COMMENT '创建时间',
    `update_by`   varchar(16) CHARACTER SET utf8mb4 COLLATE utf8mb4_general_ci NULL DEFAULT NULL COMMENT '修改人编码',
    `update_name` varchar(16) CHARACTER SET utf8mb4 COLLATE utf8mb4_general_ci NULL DEFAULT NULL COMMENT '修改人姓名',
    `update_time` datetime(0) NULL DEFAULT NULL ON UPDATE CURRENT_TIMESTAMP (0) COMMENT '修改时间',
    `is_delete`   tinyint(1) NULL DEFAULT 0 COMMENT '是否删除 0 未删除 1 已删除',
    `delete_by`   varchar(16) CHARACTER SET utf8mb4 COLLATE utf8mb4_general_ci NULL DEFAULT NULL COMMENT '删除人编码',
    PRIMARY KEY (`id`) USING BTREE
) ENGINE = InnoDB CHARACTER SET = utf8mb4 COLLATE = utf8mb4_general_ci COMMENT = '用户消息' ROW_FORMAT = Dynamic;

-- ----------------------------
-- Records of sys_msg_user
-- ----------------------------
INSERT INTO `sys_msg_user`
VALUES (1664156914362572801, 1594154596111454210, 0, 0, 1601579970948726786, 2, NULL, NULL, NULL, NULL, NULL, NULL, 0,
        NULL);
INSERT INTO `sys_msg_user`
VALUES (1664156955466752002, 1594154596111454210, 0, 0, 1601579970948726786, 2, NULL, NULL, NULL, NULL, NULL, NULL, 0,
        NULL);

-- ----------------------------
-- Table structure for sys_permission
-- ----------------------------
DROP TABLE IF EXISTS `sys_permission`;
CREATE TABLE `sys_permission`
(
    `id`              bigint(22) NOT NULL,
    `permission_name` varchar(32) CHARACTER SET utf8mb4 COLLATE utf8mb4_general_ci NULL DEFAULT NULL COMMENT '权限名称',
    `permission_code` varchar(32) CHARACTER SET utf8mb4 COLLATE utf8mb4_general_ci NULL DEFAULT NULL COMMENT '权限标识 ALL 全部 DEPT_LEVEL 部门 DEPT_AND_LOWER_LEVEL 部门和子部门 OWN 自己 DIY_DEPT 自定义部门 DIY 自定义',
    `permissions`     varchar(10000) CHARACTER SET utf8mb4 COLLATE utf8mb4_general_ci NULL DEFAULT NULL COMMENT '权限',
    `create_by`       varchar(16) CHARACTER SET utf8mb4 COLLATE utf8mb4_general_ci NULL DEFAULT NULL COMMENT '创建人编码',
    `create_name`     varchar(16) CHARACTER SET utf8mb4 COLLATE utf8mb4_general_ci NULL DEFAULT NULL COMMENT '创建人姓名',
    `create_time`     datetime(0) NULL DEFAULT CURRENT_TIMESTAMP ON UPDATE CURRENT_TIMESTAMP (0) COMMENT '创建时间',
    `update_by`       varchar(16) CHARACTER SET utf8mb4 COLLATE utf8mb4_general_ci NULL DEFAULT NULL COMMENT '修改人编码',
    `update_name`     varchar(16) CHARACTER SET utf8mb4 COLLATE utf8mb4_general_ci NULL DEFAULT NULL COMMENT '修改人名称',
    `update_time`     datetime(0) NULL DEFAULT NULL ON UPDATE CURRENT_TIMESTAMP (0) COMMENT '修改时间',
    `is_delete`       tinyint(1) NULL DEFAULT 0 COMMENT '是否删除 0 未删除 1 已删除',
    `delete_by`       varchar(16) CHARACTER SET utf8mb4 COLLATE utf8mb4_general_ci NULL DEFAULT NULL COMMENT '删除人编码',
    `tenant_id`       bigint(22) NOT NULL COMMENT '租户ID',
    PRIMARY KEY (`id`) USING BTREE
) ENGINE = InnoDB CHARACTER SET = utf8mb4 COLLATE = utf8mb4_general_ci COMMENT = '数据权限规则' ROW_FORMAT = Dynamic;

-- ----------------------------
-- Records of sys_permission
-- ----------------------------
INSERT INTO `sys_permission`
VALUES (1, '全部', 'ALL', NULL, NULL, NULL, NULL, NULL, NULL, NULL, 0, NULL, 1);
INSERT INTO `sys_permission`
VALUES (2, '部门范围权限', 'DEPT_LEVEL', NULL, NULL, NULL, NULL, NULL, NULL, NULL, 0, NULL, 1);
INSERT INTO `sys_permission`
VALUES (3, '个人', 'OWN', NULL, NULL, NULL, NULL, NULL, NULL, NULL, 0, NULL, 1);
INSERT INTO `sys_permission`
VALUES (1648242663730073602, '测试', 'DEPT_LEVEL', '1565314987957145600,1565314987957145609,1581851971500371970', NULL,
        NULL, NULL, NULL, NULL, NULL, 0, NULL, 1);
INSERT INTO `sys_permission`
VALUES (1664160085579345922, '123', 'DEPT_LEVEL', '[1581851971500371970, 1565314987957145609]', NULL, NULL, NULL, NULL,
        NULL, NULL, 0, NULL, 1);

-- ----------------------------
-- Table structure for sys_platform
-- ----------------------------
DROP TABLE IF EXISTS `sys_platform`;
CREATE TABLE `sys_platform`
(
    `id`            bigint(22) NOT NULL COMMENT '主键ID',
    `platform_name` varchar(36) CHARACTER SET utf8mb4 COLLATE utf8mb4_general_ci NULL DEFAULT NULL COMMENT '平台名称',
    `platform_code` varchar(32) CHARACTER SET utf8mb4 COLLATE utf8mb4_general_ci NULL DEFAULT NULL COMMENT '平台编码',
    `description`   varchar(255) CHARACTER SET utf8mb4 COLLATE utf8mb4_general_ci NULL DEFAULT NULL COMMENT '描述',
    `create_by`     varchar(16) CHARACTER SET utf8mb4 COLLATE utf8mb4_general_ci NULL DEFAULT NULL COMMENT '创建人编码',
    `create_name`   varchar(16) CHARACTER SET utf8mb4 COLLATE utf8mb4_general_ci NULL DEFAULT NULL COMMENT '创建人姓名',
    `create_time`   datetime(0) NULL DEFAULT CURRENT_TIMESTAMP COMMENT '创建时间',
    `update_by`     varchar(16) CHARACTER SET utf8mb4 COLLATE utf8mb4_general_ci NULL DEFAULT NULL COMMENT '修改人编码',
    `update_name`   varchar(16) CHARACTER SET utf8mb4 COLLATE utf8mb4_general_ci NULL DEFAULT NULL COMMENT '修改人名称',
    `update_time`   datetime(0) NULL DEFAULT NULL ON UPDATE CURRENT_TIMESTAMP (0) COMMENT '修改时间',
    `is_delete`     int(1) NULL DEFAULT 0 COMMENT '是否删除 0 未删除 1 已删除',
    `delete_by`     varchar(16) CHARACTER SET utf8mb4 COLLATE utf8mb4_general_ci NULL DEFAULT NULL COMMENT '删除人编码',
    `tenant_id`     bigint(22) NOT NULL COMMENT '租户ID',
    PRIMARY KEY (`id`) USING BTREE
) ENGINE = InnoDB CHARACTER SET = utf8mb4 COLLATE = utf8mb4_general_ci COMMENT = '平台' ROW_FORMAT = Dynamic;

-- ----------------------------
-- Records of sys_platform
-- ----------------------------
INSERT INTO `sys_platform`
VALUES (1111111111111111111, '后台管理中心', 'managementCenter', '后台管理中心', NULL, NULL, NULL, NULL, NULL, NULL, 0,
        NULL, 1);
INSERT INTO `sys_platform`
VALUES (1580099387022348289, '微信小程序', 'mini', '微信小程序', NULL, NULL, NULL, NULL, NULL, NULL, 0, NULL, 1);

-- ----------------------------
-- Table structure for sys_post
-- ----------------------------
DROP TABLE IF EXISTS `sys_post`;
CREATE TABLE `sys_post`
(
    `id`          bigint(22) NOT NULL COMMENT '主键ID',
    `post_code`   varchar(36) CHARACTER SET utf8mb4 COLLATE utf8mb4_general_ci NULL DEFAULT NULL COMMENT '岗位名称',
    `post_name`   varchar(32) CHARACTER SET utf8mb4 COLLATE utf8mb4_general_ci NULL DEFAULT NULL COMMENT '岗位编码',
    `description` varchar(255) CHARACTER SET utf8mb4 COLLATE utf8mb4_general_ci NULL DEFAULT NULL COMMENT '描述',
    `create_by`   varchar(16) CHARACTER SET utf8mb4 COLLATE utf8mb4_general_ci NULL DEFAULT NULL COMMENT '创建人编码',
    `create_name` varchar(16) CHARACTER SET utf8mb4 COLLATE utf8mb4_general_ci NULL DEFAULT NULL COMMENT '创建人姓名',
    `create_time` datetime(0) NULL DEFAULT CURRENT_TIMESTAMP COMMENT '创建时间',
    `update_by`   varchar(16) CHARACTER SET utf8mb4 COLLATE utf8mb4_general_ci NULL DEFAULT NULL COMMENT '修改人编码',
    `update_name` varchar(16) CHARACTER SET utf8mb4 COLLATE utf8mb4_general_ci NULL DEFAULT NULL COMMENT '修改人名称',
    `update_time` datetime(0) NULL DEFAULT NULL ON UPDATE CURRENT_TIMESTAMP (0) COMMENT '修改时间',
    `is_delete`   int(1) NULL DEFAULT 0 COMMENT '是否删除 0 未删除 1 已删除',
    `delete_by`   varchar(16) CHARACTER SET utf8mb4 COLLATE utf8mb4_general_ci NULL DEFAULT NULL COMMENT '删除人编码',
    `tenant_id`   bigint(22) NOT NULL COMMENT '租户ID',
    PRIMARY KEY (`id`) USING BTREE
) ENGINE = InnoDB CHARACTER SET = utf8mb4 COLLATE = utf8mb4_general_ci COMMENT = '岗位' ROW_FORMAT = Dynamic;

-- ----------------------------
-- Records of sys_post
-- ----------------------------
INSERT INTO `sys_post`
VALUES (1591377257933819906, 'CEO', '首席执行官', NULL, NULL, NULL, NULL, NULL, NULL, NULL, 0, NULL, 1);
INSERT INTO `sys_post`
VALUES (1630094545759137794, 'BZ', '搬砖', NULL, NULL, NULL, NULL, NULL, NULL, NULL, 0, NULL, 1);
INSERT INTO `sys_post`
VALUES (1637420262796746753, 'HR', '人力总监', NULL, NULL, NULL, NULL, NULL, NULL, NULL, 0, NULL, 1);

-- ----------------------------
-- Table structure for sys_quartz_job
-- ----------------------------
DROP TABLE IF EXISTS `sys_quartz_job`;
CREATE TABLE `sys_quartz_job`
(
    `id`              bigint(22) NOT NULL DEFAULT 2 COMMENT '主键ID',
    `job_name`        varchar(64) CHARACTER SET utf8mb4 COLLATE utf8mb4_general_ci  NOT NULL COMMENT '任务名称',
    `job_group_name`  varchar(64) CHARACTER SET utf8mb4 COLLATE utf8mb4_general_ci  NOT NULL DEFAULT '0' COMMENT '任务组名',
    `cron_expression` varchar(32) CHARACTER SET utf8mb4 COLLATE utf8mb4_general_ci  NOT NULL COMMENT 'cron表达式',
    `clazz_name`      varchar(255) CHARACTER SET utf8mb4 COLLATE utf8mb4_general_ci NOT NULL DEFAULT '0' COMMENT '任务类名',
    `misfire_policy`  tinyint(1) NULL DEFAULT 1 COMMENT 'misfire策略 1 执行一次（默认）-1 立刻执行 2 放弃执行',
    `concurrent`      tinyint(1) NULL DEFAULT 0 COMMENT '是否并发 0 不并发 1 并发',
    `status`          tinyint(1) NULL DEFAULT 0 COMMENT '状态 0 关闭 1 开启',
    `create_by`       varchar(16) CHARACTER SET utf8mb4 COLLATE utf8mb4_general_ci NULL DEFAULT NULL COMMENT '创建人编码',
    `create_name`     varchar(16) CHARACTER SET utf8mb4 COLLATE utf8mb4_general_ci NULL DEFAULT NULL COMMENT '创建人姓名',
    `create_time`     datetime(0) NULL DEFAULT CURRENT_TIMESTAMP COMMENT '创建时间',
    `update_by`       varchar(16) CHARACTER SET utf8mb4 COLLATE utf8mb4_general_ci NULL DEFAULT NULL COMMENT '修改人编码',
    `update_name`     varchar(16) CHARACTER SET utf8mb4 COLLATE utf8mb4_general_ci NULL DEFAULT NULL COMMENT '修改人姓名',
    `update_time`     datetime(0) NULL DEFAULT NULL ON UPDATE CURRENT_TIMESTAMP (0) COMMENT '修改时间',
    `is_delete`       tinyint(1) NULL DEFAULT 0 COMMENT '是否删除 0 未删除 1 已删除',
    `delete_by`       varchar(16) CHARACTER SET utf8mb4 COLLATE utf8mb4_general_ci NULL DEFAULT NULL COMMENT '删除人编码',
    `tenant_id`       bigint(22) NOT NULL DEFAULT 1 COMMENT '租户ID',
    PRIMARY KEY (`id`) USING BTREE
) ENGINE = InnoDB CHARACTER SET = utf8mb4 COLLATE = utf8mb4_general_ci COMMENT = 'quartz任务调度' ROW_FORMAT = Dynamic;

-- ----------------------------
-- Records of sys_quartz_job
-- ----------------------------
INSERT INTO `sys_quartz_job`
VALUES (1565314987957145601, '样例-Bean名五种不同参数', 'DEFAULT', '*/10 * * * * ?',
        'breezeJobs.demoJob(\"test\", 1, 3D, 4L, true, false)', 1, 0, 0, NULL, NULL, NULL, NULL, NULL, NULL, 0, NULL,
        1);
INSERT INTO `sys_quartz_job`
VALUES (1565314987957145602, '样例-Bean名调用单个参数', 'DEFAULT', '*/20 * * * * ?', 'breezeJobs.demoJob(\"test\")', 2,
        0, 0, NULL, NULL, NULL, NULL, NULL, NULL, 0, NULL, 1);
INSERT INTO `sys_quartz_job`
VALUES (1565314987957145603, '样例-全类名-五种不同参数', 'DEFAULT', '*/15 * * * * ?',
        'com.breeze.cloud.quartz.job.BreezeJobs.demoJob(\"test\", 1, 3D, 4L, true, false)', -1, 0, 0, NULL, NULL, NULL,
        NULL, NULL, NULL, 0, NULL, 1);
INSERT INTO `sys_quartz_job`
VALUES (9223372036854775807, '样例-全类名-单个参数', 'DEFAULT', '*/3 * * * * ?',
        'com.breeze.cloud.quartz.job.BreezeJobs.demoJob(\"test\")', 1, 0, 0, NULL, NULL, NULL, NULL, NULL, NULL, 0,
        NULL, 1);

-- ----------------------------
-- Table structure for sys_quartz_job_log
-- ----------------------------
DROP TABLE IF EXISTS `sys_quartz_job_log`;
CREATE TABLE `sys_quartz_job_log`
(
    `id`              bigint(22) NOT NULL AUTO_INCREMENT COMMENT '主键ID',
    `job_name`        varchar(64) CHARACTER SET utf8mb4 COLLATE utf8mb4_general_ci  NOT NULL COMMENT '任务名称',
    `job_group_name`  varchar(64) CHARACTER SET utf8mb4 COLLATE utf8mb4_general_ci  NOT NULL COMMENT '任务组名',
    `cron_expression` varchar(128) CHARACTER SET utf8mb4 COLLATE utf8mb4_general_ci NOT NULL COMMENT '当前的cron',
    `clazz_name`      varchar(255) CHARACTER SET utf8mb4 COLLATE utf8mb4_general_ci NOT NULL COMMENT '调用目标类名',
    `end_time`        datetime(0) NULL DEFAULT NULL COMMENT '结束时间',
    `job_message`     varchar(510) CHARACTER SET utf8mb4 COLLATE utf8mb4_general_ci NULL DEFAULT NULL COMMENT '日志信息',
    `job_status`      tinyint(1) NULL DEFAULT 0 COMMENT '执行结果 0 失败 1 成功',
    `exception_info`  text CHARACTER SET utf8mb4 COLLATE utf8mb4_general_ci NULL COMMENT '异常信息',
    `create_time`     datetime(0) NULL DEFAULT CURRENT_TIMESTAMP COMMENT '创建时间',
    PRIMARY KEY (`id`) USING BTREE
) ENGINE = InnoDB CHARACTER SET = utf8mb4 COLLATE = utf8mb4_general_ci COMMENT = 'quartz任务调度日志' ROW_FORMAT = Dynamic;

-- ----------------------------
-- Table structure for sys_registered_client
-- ----------------------------
DROP TABLE IF EXISTS `sys_registered_client`;
CREATE TABLE `sys_registered_client`
(
    `id`                            bigint(22) NOT NULL COMMENT '主键',
    `client_id`                     varchar(100) CHARACTER SET utf8mb4 COLLATE utf8mb4_general_ci  NOT NULL COMMENT '客户端ID',
    `client_id_issued_at`           datetime(0) NOT NULL DEFAULT CURRENT_TIMESTAMP COMMENT '客户端发布日期',
    `client_secret`                 varchar(200) CHARACTER SET utf8mb4 COLLATE utf8mb4_general_ci NULL DEFAULT NULL COMMENT '客户端访问密钥',
    `client_secret_expires_at`      datetime(0) NULL DEFAULT NULL COMMENT '客户端加密到期时间',
    `client_name`                   varchar(200) CHARACTER SET utf8mb4 COLLATE utf8mb4_general_ci  NOT NULL COMMENT '客户端名称',
    `client_authentication_methods` varchar(1000) CHARACTER SET utf8mb4 COLLATE utf8mb4_general_ci NOT NULL COMMENT '客户端使用的身份验证方法；[client_secret_basic, client_secret_post, private_key_jwt, client_secret_jwt, none]',
    `authorization_grant_types`     varchar(1000) CHARACTER SET utf8mb4 COLLATE utf8mb4_general_ci NOT NULL COMMENT '客户端支持的授权许可类型(grant_type)，可选值包括authorization_code,password,refresh_token,client_credentials,注意：password在auth2.1弃用了，我们自定义了【password】【sms_code】，若支持多个授权许可类型用逗号,分隔',
    `redirect_uris`                 varchar(1000) CHARACTER SET utf8mb4 COLLATE utf8mb4_general_ci NULL DEFAULT NULL COMMENT '客户端重定向URI，当grant_type为authorization_code时, 在Oauth2.0流程中会使用并检查，不在此列将被拒绝，使用IP或者域名，不能使用localhost',
    `scopes`                        varchar(1000) CHARACTER SET utf8mb4 COLLATE utf8mb4_general_ci NOT NULL COMMENT '客户端申请的权限范围，若有多个权限范围用逗号【,】分隔',
    `json_client_settings`          json                                                           NOT NULL COMMENT '客户端自定义设置，包括验证密钥或者是否需要授权页面',
    `json_token_settings`           json                                                           NOT NULL COMMENT '发布给客户端的 OAuth2 令牌的自定义设置',
    `create_by`                     varchar(16) CHARACTER SET utf8mb4 COLLATE utf8mb4_general_ci NULL DEFAULT NULL COMMENT '创建人编码',
    `create_name`                   varchar(16) CHARACTER SET utf8mb4 COLLATE utf8mb4_general_ci NULL DEFAULT NULL COMMENT '创建人姓名',
    `create_time`                   datetime(0) NULL DEFAULT CURRENT_TIMESTAMP COMMENT '创建时间',
    `update_by`                     varchar(16) CHARACTER SET utf8mb4 COLLATE utf8mb4_general_ci NULL DEFAULT NULL COMMENT '修改人编码',
    `update_name`                   varchar(16) CHARACTER SET utf8mb4 COLLATE utf8mb4_general_ci NULL DEFAULT NULL COMMENT '修改人姓名',
    `update_time`                   datetime(0) NULL DEFAULT NULL ON UPDATE CURRENT_TIMESTAMP (0) COMMENT '修改时间',
    `is_delete`                     tinyint(1) NULL DEFAULT 0 COMMENT '是否删除 0 未删除 1 已删除',
    `delete_by`                     varchar(16) CHARACTER SET utf8mb4 COLLATE utf8mb4_general_ci NULL DEFAULT NULL COMMENT '删除人编码',
    PRIMARY KEY (`id`) USING BTREE
) ENGINE = InnoDB CHARACTER SET = utf8mb4 COLLATE = utf8mb4_general_ci ROW_FORMAT = Dynamic;

-- ----------------------------
-- Records of sys_registered_client
-- ----------------------------
INSERT INTO `sys_registered_client`
VALUES (1657300982050701313, 'breeze-pkce', '2023-05-13 10:25:00',
        '{bcrypt}$2a$10$nEey4sGLDrp5oAOOJBY9GOlyuHt/30emUvRbBeiOHOUkNLTtGIJUi', NULL, 'breeze-pkce', 'none',
        'authorization_code', 'http://127.0.0.1:8070/login/oauth2/code/breeze-pkce,http://www.baidu.com',
        'read,profile,write', '{
    \"settings.client.jwk-set-url\": null, \"settings.client.require-proof-key\": true, \"settings.client.require-authorization-consent\": true, \"settings.client.token-endpoint-authentication-signing-algorithm\": null}',
        '{
          \"settings.token.access-token-format\": \"self-contained\", \"settings.token.reuse-refresh-tokens\": true, \"settings.token.access-token-time-to-live\": 60, \"settings.token.refresh-token-time-to-live\": 120, \"settings.token.id-token-signature-algorithm\": \"RS256\", \"settings.token.authorization-code-time-to-live\": 1}',
        NULL, NULL, NULL, NULL, NULL, NULL, 0, NULL);
INSERT INTO `sys_registered_client`
VALUES (1657300993757003778, 'breeze', '2023-05-13 10:25:00',
        '{bcrypt}$2a$10$9J/nj7YRmFFhUXJgQtlV5e7qsIS7wqts.zracnPv47FthwAb95G2y', '2023-12-30 00:00:00', 'breeze',
        'client_secret_post,client_secret_basic',
        'refresh_token,email_code,password,client_credentials,sms_code,authorization_code',
        'http://127.0.0.1:8080/authorized,http://www.baidu.com,http://127.0.0.1:9000/swagger-ui/oauth2-redirect.html,http://127.0.0.1:8080/login/oauth2/code/breeze-oidc',
        'read,address,user_info,phone,profile,write,email', '{
    \"settings.client.jwk-set-url\": null, \"settings.client.require-proof-key\": false, \"settings.client.require-authorization-consent\": true, \"settings.client.token-endpoint-authentication-signing-algorithm\": \"RS256\"}',
        '{
          \"settings.token.access-token-format\": \"self-contained\", \"settings.token.reuse-refresh-tokens\": true, \"settings.token.access-token-time-to-live\": 60, \"settings.token.refresh-token-time-to-live\": 120, \"settings.token.id-token-signature-algorithm\": \"RS256\", \"settings.token.authorization-code-time-to-live\": 1}',
        NULL, NULL, NULL, NULL, NULL, NULL, 0, NULL);

-- ----------------------------
-- Table structure for sys_role
-- ----------------------------
DROP TABLE IF EXISTS `sys_role`;
CREATE TABLE `sys_role`
(
    `id`          bigint(22) NOT NULL COMMENT '主键ID',
    `role_code`   varchar(32) CHARACTER SET utf8mb4 COLLATE utf8mb4_general_ci NULL DEFAULT NULL COMMENT '角色编码',
    `role_name`   varchar(32) CHARACTER SET utf8mb4 COLLATE utf8mb4_general_ci NULL DEFAULT NULL COMMENT '角色名称',
    `create_by`   varchar(16) CHARACTER SET utf8mb4 COLLATE utf8mb4_general_ci NULL DEFAULT NULL COMMENT '创建人编码',
    `create_name` varchar(16) CHARACTER SET utf8mb4 COLLATE utf8mb4_general_ci NULL DEFAULT NULL COMMENT '创建人姓名',
    `create_time` datetime(0) NULL DEFAULT CURRENT_TIMESTAMP COMMENT '创建时间',
    `update_by`   varchar(16) CHARACTER SET utf8mb4 COLLATE utf8mb4_general_ci NULL DEFAULT NULL COMMENT '修改人编码',
    `update_name` varchar(16) CHARACTER SET utf8mb4 COLLATE utf8mb4_general_ci NULL DEFAULT NULL COMMENT '修改人名称',
    `update_time` datetime(0) NULL DEFAULT NULL ON UPDATE CURRENT_TIMESTAMP (0) COMMENT '修改时间',
    `is_delete`   tinyint(1) NULL DEFAULT 0 COMMENT '是否删除 0 未删除 1 已删除',
    `delete_by`   varchar(16) CHARACTER SET utf8mb4 COLLATE utf8mb4_general_ci NULL DEFAULT NULL COMMENT '删除人编码',
    `tenant_id`   bigint(22) NOT NULL COMMENT '租户ID',
    PRIMARY KEY (`id`) USING BTREE
) ENGINE = InnoDB CHARACTER SET = utf8mb4 COLLATE = utf8mb4_general_ci COMMENT = '角色' ROW_FORMAT = Dynamic;

-- ----------------------------
-- Records of sys_role
-- ----------------------------
INSERT INTO `sys_role`
VALUES (1565322827518140417, 'ROLE_ADMIN', '超级管理员', NULL, NULL, NULL, NULL, NULL, NULL, 0, NULL, 1);
INSERT INTO `sys_role`
VALUES (1589074115103707138, 'ROLE_SIMPLE', '普通用户', NULL, NULL, NULL, NULL, NULL, NULL, 0, NULL, 1);
INSERT INTO `sys_role`
VALUES (1591282373843464193, 'ROLE_MINI', '小程序游客登录用户', NULL, NULL, NULL, NULL, NULL, NULL, 0, NULL, 1);
INSERT INTO `sys_role`
VALUES (1644533464768704514, 'ROLE_AUTH', 'Auth登录用户', NULL, NULL, NULL, NULL, NULL, NULL, 0, NULL, 1);

-- ----------------------------
-- Table structure for sys_role_menu
-- ----------------------------
DROP TABLE IF EXISTS `sys_role_menu`;
CREATE TABLE `sys_role_menu`
(
    `id`          bigint(22) NOT NULL COMMENT '主键ID',
    `menu_id`     bigint(22) NULL DEFAULT NULL COMMENT '菜单ID',
    `role_id`     bigint(22) NULL DEFAULT NULL COMMENT '角色ID',
    `create_by`   varchar(16) CHARACTER SET utf8mb4 COLLATE utf8mb4_general_ci NULL DEFAULT NULL COMMENT '创建人编码',
    `create_name` varchar(16) CHARACTER SET utf8mb4 COLLATE utf8mb4_general_ci NULL DEFAULT NULL COMMENT '创建人姓名',
    `create_time` datetime(0) NULL DEFAULT CURRENT_TIMESTAMP COMMENT '创建时间',
    PRIMARY KEY (`id`) USING BTREE
) ENGINE = InnoDB CHARACTER SET = utf8mb4 COLLATE = utf8mb4_general_ci COMMENT = '角色菜单' ROW_FORMAT = Dynamic;

-- ----------------------------
-- Records of sys_role_menu
-- ----------------------------
INSERT INTO `sys_role_menu`
VALUES (1657626308970659842, 1578702340654268411, 1589074115103707138, NULL, NULL, NULL);
INSERT INTO `sys_role_menu`
VALUES (1657626309230706690, 1578702340654268417, 1589074115103707138, NULL, NULL, NULL);
INSERT INTO `sys_role_menu`
VALUES (1657626309234900994, 9223372036854775807, 1589074115103707138, NULL, NULL, NULL);
INSERT INTO `sys_role_menu`
VALUES (1657626309239095297, 1582554585967800321, 1589074115103707138, NULL, NULL, NULL);
INSERT INTO `sys_role_menu`
VALUES (1657626309239095298, 1582555155344568321, 1589074115103707138, NULL, NULL, NULL);
INSERT INTO `sys_role_menu`
VALUES (1657626309239095299, 1582558188828790785, 1589074115103707138, NULL, NULL, NULL);
INSERT INTO `sys_role_menu`
VALUES (1657626309239095300, 1580357263003439106, 1589074115103707138, NULL, NULL, NULL);
INSERT INTO `sys_role_menu`
VALUES (1657626309243289601, 1578702340620713986, 1589074115103707138, NULL, NULL, NULL);
INSERT INTO `sys_role_menu`
VALUES (1657626309243289602, 1581966349440581634, 1589074115103707138, NULL, NULL, NULL);
INSERT INTO `sys_role_menu`
VALUES (1657626309247483906, 1582607135668621314, 1589074115103707138, NULL, NULL, NULL);
INSERT INTO `sys_role_menu`
VALUES (1657626309247483907, 1581965904601088001, 1589074115103707138, NULL, NULL, NULL);
INSERT INTO `sys_role_menu`
VALUES (1657626309247483908, 1581965904601088002, 1589074115103707138, NULL, NULL, NULL);
INSERT INTO `sys_role_menu`
VALUES (1657626309247483909, 1582688861908611074, 1589074115103707138, NULL, NULL, NULL);
INSERT INTO `sys_role_menu`
VALUES (1657626380521291777, 1578702340666851329, 1644533464768704514, NULL, NULL, NULL);
INSERT INTO `sys_role_menu`
VALUES (1657626380533874690, 1578702340671045634, 1644533464768704514, NULL, NULL, NULL);
INSERT INTO `sys_role_menu`
VALUES (1657626380538068993, 1578702340683628545, 1644533464768704514, NULL, NULL, NULL);
INSERT INTO `sys_role_menu`
VALUES (1657626380538068994, 1587692336744742913, 1644533464768704514, NULL, NULL, NULL);
INSERT INTO `sys_role_menu`
VALUES (1657626380542263297, 1578702340683628546, 1644533464768704514, NULL, NULL, NULL);
INSERT INTO `sys_role_menu`
VALUES (1657626380542263298, 1578702340654268416, 1644533464768704514, NULL, NULL, NULL);
INSERT INTO `sys_role_menu`
VALUES (1657626380542263299, 1578702340654268418, 1644533464768704514, NULL, NULL, NULL);
INSERT INTO `sys_role_menu`
VALUES (1657626380546457602, 1578702340662657027, 1644533464768704514, NULL, NULL, NULL);
INSERT INTO `sys_role_menu`
VALUES (1657626380546457603, 1578702340612325378, 1644533464768704514, NULL, NULL, NULL);
INSERT INTO `sys_role_menu`
VALUES (1657626380546457604, 9223372036854775807, 1644533464768704514, NULL, NULL, NULL);
INSERT INTO `sys_role_menu`
VALUES (1657626380546457605, 1578702340662657026, 1644533464768704514, NULL, NULL, NULL);
INSERT INTO `sys_role_menu`
VALUES (1657626380550651905, 1578702340654268412, 1644533464768704514, NULL, NULL, NULL);
INSERT INTO `sys_role_menu`
VALUES (1657626380550651906, 1637297406628823041, 1644533464768704514, NULL, NULL, NULL);
INSERT INTO `sys_role_menu`
VALUES (1657626380554846210, 9223372036854775120, 1644533464768704514, NULL, NULL, NULL);
INSERT INTO `sys_role_menu`
VALUES (1657626380554846211, 9223372036854775119, 1644533464768704514, NULL, NULL, NULL);
INSERT INTO `sys_role_menu`
VALUES (1657626380554846212, 1594135789623984129, 1644533464768704514, NULL, NULL, NULL);
INSERT INTO `sys_role_menu`
VALUES (1657626380554846213, 1594531945449451666, 1644533464768704514, NULL, NULL, NULL);
INSERT INTO `sys_role_menu`
VALUES (1657626380559040514, 1594135789623184129, 1644533464768704514, NULL, NULL, NULL);
INSERT INTO `sys_role_menu`
VALUES (1657626380559040515, 1637647486464438273, 1644533464768704514, NULL, NULL, NULL);
INSERT INTO `sys_role_menu`
VALUES (1657626380559040516, 1578702340612321378, 1644533464768704514, NULL, NULL, NULL);
INSERT INTO `sys_role_menu`
VALUES (1657626380563234817, 1582554585967800321, 1644533464768704514, NULL, NULL, NULL);
INSERT INTO `sys_role_menu`
VALUES (1657626380563234818, 1582555155344568321, 1644533464768704514, NULL, NULL, NULL);
INSERT INTO `sys_role_menu`
VALUES (1657626380563234819, 1582558188828790785, 1644533464768704514, NULL, NULL, NULL);
INSERT INTO `sys_role_menu`
VALUES (1657626380563234820, 1580357263003439106, 1644533464768704514, NULL, NULL, NULL);
INSERT INTO `sys_role_menu`
VALUES (1657626380563234821, 1580357773622202370, 1644533464768704514, NULL, NULL, NULL);
INSERT INTO `sys_role_menu`
VALUES (1657626380567429122, 9223372036854775121, 1644533464768704514, NULL, NULL, NULL);
INSERT INTO `sys_role_menu`
VALUES (1657626380567429123, 1578702340620713986, 1644533464768704514, NULL, NULL, NULL);
INSERT INTO `sys_role_menu`
VALUES (1657626380567429124, 1633285580421271553, 1644533464768704514, NULL, NULL, NULL);
INSERT INTO `sys_role_menu`
VALUES (1657626380567429125, 1581966349440581634, 1644533464768704514, NULL, NULL, NULL);
INSERT INTO `sys_role_menu`
VALUES (1657626380567429126, 1582607135668621314, 1644533464768704514, NULL, NULL, NULL);
INSERT INTO `sys_role_menu`
VALUES (1657626380571623426, 1581965904601088001, 1644533464768704514, NULL, NULL, NULL);
INSERT INTO `sys_role_menu`
VALUES (1657626380571623427, 1581965904601088002, 1644533464768704514, NULL, NULL, NULL);
INSERT INTO `sys_role_menu`
VALUES (1657626380571623428, 1582688861908611074, 1644533464768704514, NULL, NULL, NULL);
INSERT INTO `sys_role_menu`
VALUES (1676118150854275074, 1578702340666851329, 1565322827518140417, NULL, NULL, NULL);
INSERT INTO `sys_role_menu`
VALUES (1676118150854275075, 1578702340671045634, 1565322827518140417, NULL, NULL, NULL);
INSERT INTO `sys_role_menu`
VALUES (1676118150854275076, 1578702340671045635, 1565322827518140417, NULL, NULL, NULL);
INSERT INTO `sys_role_menu`
VALUES (1676118150854275077, 1578702340679434241, 1565322827518140417, NULL, NULL, NULL);
INSERT INTO `sys_role_menu`
VALUES (1676118150854275078, 1578702340679434243, 1565322827518140417, NULL, NULL, NULL);
INSERT INTO `sys_role_menu`
VALUES (1676118150854275079, 1578702340683628545, 1565322827518140417, NULL, NULL, NULL);
INSERT INTO `sys_role_menu`
VALUES (1676118150854275080, 1586717542633123841, 1565322827518140417, NULL, NULL, NULL);
INSERT INTO `sys_role_menu`
VALUES (1676118150854275081, 1599935876379897858, 1565322827518140417, NULL, NULL, NULL);
INSERT INTO `sys_role_menu`
VALUES (1676118150854275082, 1599936405688479746, 1565322827518140417, NULL, NULL, NULL);
INSERT INTO `sys_role_menu`
VALUES (1676118150854275083, 1578702340624908290, 1565322827518140417, NULL, NULL, NULL);
INSERT INTO `sys_role_menu`
VALUES (1676118150854275084, 1578702340620713988, 1565322827518140417, NULL, NULL, NULL);
INSERT INTO `sys_role_menu`
VALUES (1676118150854275085, 1587692336744742913, 1565322827518140417, NULL, NULL, NULL);
INSERT INTO `sys_role_menu`
VALUES (1676118150854275086, 1578702340620713987, 1565322827518140417, NULL, NULL, NULL);
INSERT INTO `sys_role_menu`
VALUES (1676118150854275087, 1601081152259891202, 1565322827518140417, NULL, NULL, NULL);
INSERT INTO `sys_role_menu`
VALUES (1676118150854275088, 1578702340683628546, 1565322827518140417, NULL, NULL, NULL);
INSERT INTO `sys_role_menu`
VALUES (1676118150854275089, 1578702340624908293, 1565322827518140417, NULL, NULL, NULL);
INSERT INTO `sys_role_menu`
VALUES (1676118150854275090, 1578702340624908291, 1565322827518140417, NULL, NULL, NULL);
INSERT INTO `sys_role_menu`
VALUES (1676118150854275091, 1578702340624908292, 1565322827518140417, NULL, NULL, NULL);
INSERT INTO `sys_role_menu`
VALUES (1676118150854275092, 1578702340654268416, 1565322827518140417, NULL, NULL, NULL);
INSERT INTO `sys_role_menu`
VALUES (1676118150854275093, 1589181822230048770, 1565322827518140417, NULL, NULL, NULL);
INSERT INTO `sys_role_menu`
VALUES (1676118150854275094, 1589181822230048771, 1565322827518140417, NULL, NULL, NULL);
INSERT INTO `sys_role_menu`
VALUES (1676118150854275095, 1589181822230048772, 1565322827518140417, NULL, NULL, NULL);
INSERT INTO `sys_role_menu`
VALUES (1676118150854275096, 1578702340654268418, 1565322827518140417, NULL, NULL, NULL);
INSERT INTO `sys_role_menu`
VALUES (1676118150854275097, 1578702340650074114, 1565322827518140417, NULL, NULL, NULL);
INSERT INTO `sys_role_menu`
VALUES (1676118150854275098, 1578702340641685505, 1565322827518140417, NULL, NULL, NULL);
INSERT INTO `sys_role_menu`
VALUES (1676118150854275099, 1578702340641685506, 1565322827518140417, NULL, NULL, NULL);
INSERT INTO `sys_role_menu`
VALUES (1676118150854275100, 1601858203636092929, 1565322827518140417, NULL, NULL, NULL);
INSERT INTO `sys_role_menu`
VALUES (1676118150854275101, 1578702340662657027, 1565322827518140417, NULL, NULL, NULL);
INSERT INTO `sys_role_menu`
VALUES (1676118150917189634, 1578702340650074115, 1565322827518140417, NULL, NULL, NULL);
INSERT INTO `sys_role_menu`
VALUES (1676118150917189635, 1578702340650074116, 1565322827518140417, NULL, NULL, NULL);
INSERT INTO `sys_role_menu`
VALUES (1676118150917189636, 1578702340650074117, 1565322827518140417, NULL, NULL, NULL);
INSERT INTO `sys_role_menu`
VALUES (1676118150917189637, 1586717542633123843, 1565322827518140417, NULL, NULL, NULL);
INSERT INTO `sys_role_menu`
VALUES (1676118150917189638, 1578702340612325378, 1565322827518140417, NULL, NULL, NULL);
INSERT INTO `sys_role_menu`
VALUES (1676118150917189639, 1578702340654268411, 1565322827518140417, NULL, NULL, NULL);
INSERT INTO `sys_role_menu`
VALUES (1676118150917189640, 1578702340654268417, 1565322827518140417, NULL, NULL, NULL);
INSERT INTO `sys_role_menu`
VALUES (1676118150917189641, 9223372036854775807, 1565322827518140417, NULL, NULL, NULL);
INSERT INTO `sys_role_menu`
VALUES (1676118150917189642, 1589789746153263106, 1565322827518140417, NULL, NULL, NULL);
INSERT INTO `sys_role_menu`
VALUES (1676118150917189643, 1598222575933485057, 1565322827518140417, NULL, NULL, NULL);
INSERT INTO `sys_role_menu`
VALUES (1676118150917189644, 1598222373868695553, 1565322827518140417, NULL, NULL, NULL);
INSERT INTO `sys_role_menu`
VALUES (1676118150917189645, 1578702340662657026, 1565322827518140417, NULL, NULL, NULL);
INSERT INTO `sys_role_menu`
VALUES (1676118150917189646, 1581843318345035778, 1565322827518140417, NULL, NULL, NULL);
INSERT INTO `sys_role_menu`
VALUES (1676118150917189647, 1578702340633296899, 1565322827518140417, NULL, NULL, NULL);
INSERT INTO `sys_role_menu`
VALUES (1676118150917189648, 1578702340633296898, 1565322827518140417, NULL, NULL, NULL);
INSERT INTO `sys_role_menu`
VALUES (1676118150917189649, 1578702340654268412, 1565322827518140417, NULL, NULL, NULL);
INSERT INTO `sys_role_menu`
VALUES (1676118150917189650, 1589181822230048781, 1565322827518140417, NULL, NULL, NULL);
INSERT INTO `sys_role_menu`
VALUES (1676118150917189651, 1589181822230048782, 1565322827518140417, NULL, NULL, NULL);
INSERT INTO `sys_role_menu`
VALUES (1676118150917189652, 1589181822230048783, 1565322827518140417, NULL, NULL, NULL);
INSERT INTO `sys_role_menu`
VALUES (1676118150917189653, 1637297406628823041, 1565322827518140417, NULL, NULL, NULL);
INSERT INTO `sys_role_menu`
VALUES (1676118150917189654, 1648569698801393666, 1565322827518140417, NULL, NULL, NULL);
INSERT INTO `sys_role_menu`
VALUES (1676118150917189655, 1657464120406532098, 1565322827518140417, NULL, NULL, NULL);
INSERT INTO `sys_role_menu`
VALUES (1676118150917189656, 1658346521789206529, 1565322827518140417, NULL, NULL, NULL);
INSERT INTO `sys_role_menu`
VALUES (1676118150917189657, 1657464313466150914, 1565322827518140417, NULL, NULL, NULL);
INSERT INTO `sys_role_menu`
VALUES (1676118150917189658, 1657464432802488321, 1565322827518140417, NULL, NULL, NULL);
INSERT INTO `sys_role_menu`
VALUES (1676118150917189659, 9223372036854775120, 1565322827518140417, NULL, NULL, NULL);
INSERT INTO `sys_role_menu`
VALUES (1676118150917189660, 1589181822230018782, 1565322827518140417, NULL, NULL, NULL);
INSERT INTO `sys_role_menu`
VALUES (1676118150917189661, 1589181822230048178, 1565322827518140417, NULL, NULL, NULL);
INSERT INTO `sys_role_menu`
VALUES (1676118150917189662, 9223372036854775119, 1565322827518140417, NULL, NULL, NULL);
INSERT INTO `sys_role_menu`
VALUES (1676118150917189663, 1589181822230049781, 1565322827518140417, NULL, NULL, NULL);
INSERT INTO `sys_role_menu`
VALUES (1676118150917189664, 1589181822230018781, 1565322827518140417, NULL, NULL, NULL);
INSERT INTO `sys_role_menu`
VALUES (1676118150917189665, 1589181822230048172, 1565322827518140417, NULL, NULL, NULL);
INSERT INTO `sys_role_menu`
VALUES (1676118150917189666, 1594135789623984129, 1565322827518140417, NULL, NULL, NULL);
INSERT INTO `sys_role_menu`
VALUES (1676118150917189667, 1594532038764326666, 1565322827518140417, NULL, NULL, NULL);
INSERT INTO `sys_role_menu`
VALUES (1676118150917189668, 1594532038764326913, 1565322827518140417, NULL, NULL, NULL);
INSERT INTO `sys_role_menu`
VALUES (1676118150917189669, 1594531945449451666, 1565322827518140417, NULL, NULL, NULL);
INSERT INTO `sys_role_menu`
VALUES (1676118150917189670, 1589181822230048778, 1565322827518140417, NULL, NULL, NULL);
INSERT INTO `sys_role_menu`
VALUES (1676118150917189671, 1594135789623184129, 1565322827518140417, NULL, NULL, NULL);
INSERT INTO `sys_role_menu`
VALUES (1676118150917189672, 1632642093459935231, 1565322827518140417, NULL, NULL, NULL);
INSERT INTO `sys_role_menu`
VALUES (1676118150917189673, 1637647486464438273, 1565322827518140417, NULL, NULL, NULL);
INSERT INTO `sys_role_menu`
VALUES (1676118150917189674, 1632642093459935232, 1565322827518140417, NULL, NULL, NULL);
INSERT INTO `sys_role_menu`
VALUES (1676118150917189675, 1632642093459935239, 1565322827518140417, NULL, NULL, NULL);
INSERT INTO `sys_role_menu`
VALUES (1676118150917189676, 1578702340612321378, 1565322827518140417, NULL, NULL, NULL);
INSERT INTO `sys_role_menu`
VALUES (1676118150917189677, 1632642093459915239, 1565322827518140417, NULL, NULL, NULL);
INSERT INTO `sys_role_menu`
VALUES (1676118150917189678, 1632642093459935236, 1565322827518140417, NULL, NULL, NULL);
INSERT INTO `sys_role_menu`
VALUES (1676118150917189679, 1582554585967800321, 1565322827518140417, NULL, NULL, NULL);
INSERT INTO `sys_role_menu`
VALUES (1676118150917189680, 1664159611618799618, 1565322827518140417, NULL, NULL, NULL);
INSERT INTO `sys_role_menu`
VALUES (1676118150917189681, 1582555155344568321, 1565322827518140417, NULL, NULL, NULL);
INSERT INTO `sys_role_menu`
VALUES (1676118150917189682, 1582558188828790785, 1565322827518140417, NULL, NULL, NULL);
INSERT INTO `sys_role_menu`
VALUES (1676118150917189683, 1580357263003439106, 1565322827518140417, NULL, NULL, NULL);
INSERT INTO `sys_role_menu`
VALUES (1676118150917189684, 1580357773622202370, 1565322827518140417, NULL, NULL, NULL);
INSERT INTO `sys_role_menu`
VALUES (1676118150917189685, 1632642093459935234, 1565322827518140417, NULL, NULL, NULL);
INSERT INTO `sys_role_menu`
VALUES (1676118150917189686, 1632642093459935235, 1565322827518140417, NULL, NULL, NULL);
INSERT INTO `sys_role_menu`
VALUES (1676118150917189687, 1632642093459935256, 1565322827518140417, NULL, NULL, NULL);
INSERT INTO `sys_role_menu`
VALUES (1676118150917189688, 1676117949968084994, 1565322827518140417, NULL, NULL, NULL);
INSERT INTO `sys_role_menu`
VALUES (1676118150917189689, 9223372036854775121, 1565322827518140417, NULL, NULL, NULL);
INSERT INTO `sys_role_menu`
VALUES (1676118150917189690, 1632950317358747649, 1565322827518140417, NULL, NULL, NULL);
INSERT INTO `sys_role_menu`
VALUES (1676118150917189691, 1632950163226464257, 1565322827518140417, NULL, NULL, NULL);
INSERT INTO `sys_role_menu`
VALUES (1676118150917189692, 1632979037821743106, 1565322827518140417, NULL, NULL, NULL);
INSERT INTO `sys_role_menu`
VALUES (1676118150917189693, 1632925792583757826, 1565322827518140417, NULL, NULL, NULL);
INSERT INTO `sys_role_menu`
VALUES (1676118150917189694, 1633338860669214722, 1565322827518140417, NULL, NULL, NULL);
INSERT INTO `sys_role_menu`
VALUES (1676118150917189695, 1632925687029903361, 1565322827518140417, NULL, NULL, NULL);
INSERT INTO `sys_role_menu`
VALUES (1676118150917189696, 1633349367631314945, 1565322827518140417, NULL, NULL, NULL);
INSERT INTO `sys_role_menu`
VALUES (1676118150917189697, 1578702340620713986, 1565322827518140417, NULL, NULL, NULL);
INSERT INTO `sys_role_menu`
VALUES (1676118150917189698, 1632642093459935233, 1565322827518140417, NULL, NULL, NULL);
INSERT INTO `sys_role_menu`
VALUES (1676118150917189699, 1633285580421271553, 1565322827518140417, NULL, NULL, NULL);
INSERT INTO `sys_role_menu`
VALUES (1676118150917189700, 1635920329879056385, 1565322827518140417, NULL, NULL, NULL);
INSERT INTO `sys_role_menu`
VALUES (1676118150917189701, 1581966349440581634, 1565322827518140417, NULL, NULL, NULL);
INSERT INTO `sys_role_menu`
VALUES (1676118150917189702, 1582607135668621314, 1565322827518140417, NULL, NULL, NULL);
INSERT INTO `sys_role_menu`
VALUES (1676118150917189703, 1581965904601088001, 1565322827518140417, NULL, NULL, NULL);
INSERT INTO `sys_role_menu`
VALUES (1676118150917189704, 1581965904601088002, 1565322827518140417, NULL, NULL, NULL);
INSERT INTO `sys_role_menu`
VALUES (1676118150917189705, 1582688861908611074, 1565322827518140417, NULL, NULL, NULL);

-- ----------------------------
-- Table structure for sys_role_permission
-- ----------------------------
DROP TABLE IF EXISTS `sys_role_permission`;
CREATE TABLE `sys_role_permission`
(
    `id`            bigint(22) NOT NULL COMMENT '主键ID',
    `permission_id` bigint(22) NULL DEFAULT NULL COMMENT '规则权限ID',
    `role_id`       bigint(22) NULL DEFAULT NULL COMMENT '角色ID',
    `create_by`     varchar(16) CHARACTER SET utf8mb4 COLLATE utf8mb4_general_ci NULL DEFAULT NULL COMMENT '创建人编码',
    `create_name`   varchar(16) CHARACTER SET utf8mb4 COLLATE utf8mb4_general_ci NULL DEFAULT NULL COMMENT '创建人姓名',
    `create_time`   datetime(0) NULL DEFAULT CURRENT_TIMESTAMP COMMENT '创建时间',
    PRIMARY KEY (`id`) USING BTREE
) ENGINE = InnoDB CHARACTER SET = utf8mb4 COLLATE = utf8mb4_general_ci COMMENT = '角色权限' ROW_FORMAT = Dynamic;

-- ----------------------------
-- Records of sys_role_permission
-- ----------------------------
INSERT INTO `sys_role_permission`
VALUES (1630037573185720322, 1, 1565322827518140417, NULL, NULL, NULL);
INSERT INTO `sys_role_permission`
VALUES (1630038128528400385, 4, 1589074115103707138, NULL, NULL, NULL);
INSERT INTO `sys_role_permission`
VALUES (1630038150712074241, 4, 1591282373843464193, NULL, NULL, NULL);
INSERT INTO `sys_role_permission`
VALUES (1648238004454006785, 1, 1644533464768704514, NULL, NULL, NULL);

-- ----------------------------
-- Table structure for sys_tenant
-- ----------------------------
DROP TABLE IF EXISTS `sys_tenant`;
CREATE TABLE `sys_tenant`
(
    `id`          bigint(22) NOT NULL COMMENT '主键ID',
    `tenant_code` varchar(128) CHARACTER SET utf8mb4 COLLATE utf8mb4_general_ci NULL DEFAULT NULL COMMENT '租户编码',
    `tenant_name` varchar(128) CHARACTER SET utf8mb4 COLLATE utf8mb4_general_ci NULL DEFAULT NULL COMMENT '租户名称',
    `create_by`   varchar(16) CHARACTER SET utf8mb4 COLLATE utf8mb4_general_ci NULL DEFAULT NULL COMMENT '创建人编码',
    `create_name` varchar(16) CHARACTER SET utf8mb4 COLLATE utf8mb4_general_ci NULL DEFAULT NULL COMMENT '创建人姓名',
    `create_time` datetime(0) NULL DEFAULT CURRENT_TIMESTAMP COMMENT '创建时间',
    `update_by`   varchar(16) CHARACTER SET utf8mb4 COLLATE utf8mb4_general_ci NULL DEFAULT NULL COMMENT '修改人编码',
    `update_name` varchar(16) CHARACTER SET utf8mb4 COLLATE utf8mb4_general_ci NULL DEFAULT NULL COMMENT '修改人名称',
    `update_time` datetime(0) NULL DEFAULT NULL ON UPDATE CURRENT_TIMESTAMP (0) COMMENT '修改时间',
    `is_delete`   tinyint(1) NULL DEFAULT 0 COMMENT '是否删除 0 未删除 1 已删除',
    `delete_by`   varchar(16) CHARACTER SET utf8mb4 COLLATE utf8mb4_general_ci NULL DEFAULT NULL COMMENT '删除人编码',
    PRIMARY KEY (`id`) USING BTREE
) ENGINE = InnoDB CHARACTER SET = utf8mb4 COLLATE = utf8mb4_general_ci COMMENT = '租户' ROW_FORMAT = Dynamic;

-- ----------------------------
-- Records of sys_tenant
-- ----------------------------
INSERT INTO `sys_tenant`
VALUES (1, 'GS', '公司', NULL, NULL, NULL, NULL, NULL, NULL, 0, NULL);
INSERT INTO `sys_tenant`
VALUES (1643796095560044546, 'FDS', '分公司', NULL, NULL, NULL, NULL, NULL, NULL, 0, NULL);

-- ----------------------------
-- Table structure for sys_user
-- ----------------------------
DROP TABLE IF EXISTS `sys_user`;
CREATE TABLE `sys_user`
(
    `id`             bigint(22) NOT NULL DEFAULT 0 COMMENT '主键ID',
    `username`       varchar(32) CHARACTER SET utf8mb4 COLLATE utf8mb4_general_ci  NOT NULL COMMENT '用户姓名',
    `user_code`      varchar(32) CHARACTER SET utf8mb4 COLLATE utf8mb4_general_ci NULL DEFAULT NULL COMMENT '用户编码',
    `amount_name`    varchar(32) CHARACTER SET utf8mb4 COLLATE utf8mb4_general_ci NULL DEFAULT NULL COMMENT '登录账户名称',
    `avatar`         varchar(128) CHARACTER SET utf8mb4 COLLATE utf8mb4_general_ci NULL DEFAULT NULL COMMENT '头像地址',
    `avatar_file_id` bigint(22) NULL DEFAULT NULL COMMENT '头像文件ID',
    `password`       varchar(128) CHARACTER SET utf8mb4 COLLATE utf8mb4_general_ci NOT NULL COMMENT '登录密码',
    `post_id`        bigint(22) NULL DEFAULT NULL COMMENT '岗位ID',
    `dept_id`        bigint(22) NULL DEFAULT NULL COMMENT '部门ID',
    `sex`            int(1) NULL DEFAULT NULL COMMENT '性别 0 女性 1 男性',
    `id_card`        varchar(32) CHARACTER SET utf8mb4 COLLATE utf8mb4_general_ci NULL DEFAULT NULL COMMENT '身份证号',
    `phone`          varchar(11) CHARACTER SET utf8mb4 COLLATE utf8mb4_general_ci NULL DEFAULT NULL COMMENT '手机号',
    `open_id`        varchar(32) CHARACTER SET utf8mb4 COLLATE utf8mb4_general_ci NULL DEFAULT NULL COMMENT '微信OpenID',
    `email`          varchar(128) CHARACTER SET utf8mb4 COLLATE utf8mb4_general_ci NULL DEFAULT NULL COMMENT '邮件',
    `is_lock`        int(1) NULL DEFAULT 0 COMMENT '锁定',
    `create_by`      varchar(16) CHARACTER SET utf8mb4 COLLATE utf8mb4_general_ci NULL DEFAULT NULL COMMENT '创建人编码',
    `create_name`    varchar(16) CHARACTER SET utf8mb4 COLLATE utf8mb4_general_ci NULL DEFAULT NULL COMMENT '创建人姓名',
    `create_time`    datetime(0) NULL DEFAULT CURRENT_TIMESTAMP COMMENT '创建时间',
    `update_by`      varchar(16) CHARACTER SET utf8mb4 COLLATE utf8mb4_general_ci NULL DEFAULT NULL COMMENT '修改人编码',
    `update_name`    varchar(16) CHARACTER SET utf8mb4 COLLATE utf8mb4_general_ci NULL DEFAULT NULL COMMENT '修改人名称',
    `update_time`    datetime(0) NULL DEFAULT NULL ON UPDATE CURRENT_TIMESTAMP (0) COMMENT '修改时间',
    `is_delete`      tinyint(1) NULL DEFAULT 0 COMMENT '是否删除 0 未删除 1 已删除',
    `delete_by`      varchar(16) CHARACTER SET utf8mb4 COLLATE utf8mb4_general_ci NULL DEFAULT NULL COMMENT '删除人编码',
    `tenant_id`      bigint(22) NOT NULL COMMENT '租户ID',
    PRIMARY KEY (`id`) USING BTREE
) ENGINE = InnoDB CHARACTER SET = utf8mb4 COLLATE = utf8mb4_general_ci COMMENT = '用户' ROW_FORMAT = Dynamic;

-- ----------------------------
-- Records of sys_user
-- ----------------------------
INSERT INTO `sys_user`
VALUES (2, 'user', 'user', '普通用户', NULL, NULL,
        '{bcrypt}$2a$10$mRtrwx5wLncBlPcsfiSsfOvzKpRzt4QV6loNd3H/eVR.QMU3w7uri', 1630094545759137794,
        1601579970948726786, 1, '371521**4604141437', '1781*****71', '1231231', 'b***********@foxmail.com', 0, NULL,
        NULL, NULL, 'admin', 'admin', '2023-06-01 10:45:14', 0, NULL, 1);
INSERT INTO `sys_user`
VALUES (1111111111111111111, 'admin', 'admin', '超级管理员', NULL, NULL,
        '{bcrypt}$2a$10$AkMUjgbJz49CWNF6Vhj69ewLywcMvk48cLOevM0L7uOn7qzDuNrDm', 1591377257933819906,
        1581851971500371970, 0, '371521**6604141437', '1781*****78', '123123', 'b************@foxmail.com', 0, NULL,
        NULL, NULL, 'admin', 'admin', '2023-06-01 09:58:48', 0, NULL, 1);

-- ----------------------------
-- Table structure for sys_user_role
-- ----------------------------
DROP TABLE IF EXISTS `sys_user_role`;
CREATE TABLE `sys_user_role`
(
    `id`          bigint(22) NOT NULL COMMENT '主键ID',
    `user_id`     bigint(22) NULL DEFAULT NULL COMMENT '用户ID',
    `role_id`     bigint(22) NULL DEFAULT NULL COMMENT '角色ID',
    `create_by`   varchar(16) CHARACTER SET utf8mb4 COLLATE utf8mb4_general_ci NULL DEFAULT NULL COMMENT '创建人编码',
    `create_name` varchar(16) CHARACTER SET utf8mb4 COLLATE utf8mb4_general_ci NULL DEFAULT NULL COMMENT '创建人姓名',
    `create_time` datetime(0) NULL DEFAULT CURRENT_TIMESTAMP COMMENT '创建时间',
    PRIMARY KEY (`id`) USING BTREE
) ENGINE = InnoDB CHARACTER SET = utf8mb4 COLLATE = utf8mb4_general_ci COMMENT = '用户角色' ROW_FORMAT = Dynamic;

-- ----------------------------
-- Records of sys_user_role
-- ----------------------------
INSERT INTO `sys_user_role`
VALUES (1664102593393160194, 2, 1589074115103707138, NULL, NULL, NULL);
INSERT INTO `sys_user_role`
VALUES (1664102593414131713, 2, 1565322827518140417, NULL, NULL, NULL);
INSERT INTO `sys_user_role`
VALUES (1664102593418326017, 2, 1591282373843464193, NULL, NULL, NULL);
INSERT INTO `sys_user_role`
VALUES (1664102593418326018, 2, 1644533464768704514, NULL, NULL, NULL);
INSERT INTO `sys_user_role`
VALUES (1664114197639774210, 1111111111111111111, 1589074115103707138, NULL, NULL, NULL);
INSERT INTO `sys_user_role`
VALUES (1664114197660745730, 1111111111111111111, 1565322827518140417, NULL, NULL, NULL);

SET
FOREIGN_KEY_CHECKS = 1;
