DROP DATABASE IF EXISTS breeze_boot;
CREATE DATABASE breeze_boot DEFAULT CHARACTER SET utf8mb4 COLLATE utf8mb4_general_ci;

USE breeze_boot;

SET NAMES utf8mb4;
SET FOREIGN_KEY_CHECKS = 0;

-- ----------------------------
-- Table structure for qrtz_blob_triggers
-- ----------------------------
DROP TABLE IF EXISTS `qrtz_blob_triggers`;
CREATE TABLE `qrtz_blob_triggers`  (
  `SCHED_NAME` varchar(120) CHARACTER SET utf8mb4 COLLATE utf8mb4_general_ci NOT NULL,
  `TRIGGER_NAME` varchar(200) CHARACTER SET utf8mb4 COLLATE utf8mb4_general_ci NOT NULL,
  `TRIGGER_GROUP` varchar(200) CHARACTER SET utf8mb4 COLLATE utf8mb4_general_ci NOT NULL,
  `BLOB_DATA` blob NULL,
  PRIMARY KEY (`SCHED_NAME`, `TRIGGER_NAME`, `TRIGGER_GROUP`) USING BTREE,
  INDEX `SCHED_NAME`(`SCHED_NAME` ASC, `TRIGGER_NAME` ASC, `TRIGGER_GROUP` ASC) USING BTREE,
  CONSTRAINT `qrtz_blob_triggers_ibfk_1` FOREIGN KEY (`SCHED_NAME`, `TRIGGER_NAME`, `TRIGGER_GROUP`) REFERENCES `qrtz_triggers` (`SCHED_NAME`, `TRIGGER_NAME`, `TRIGGER_GROUP`) ON DELETE RESTRICT ON UPDATE RESTRICT
) ENGINE = InnoDB CHARACTER SET = utf8mb4 COLLATE = utf8mb4_general_ci ROW_FORMAT = DYNAMIC;

-- ----------------------------
-- Records of qrtz_blob_triggers
-- ----------------------------

-- ----------------------------
-- Table structure for qrtz_calendars
-- ----------------------------
DROP TABLE IF EXISTS `qrtz_calendars`;
CREATE TABLE `qrtz_calendars`  (
  `SCHED_NAME` varchar(120) CHARACTER SET utf8mb4 COLLATE utf8mb4_general_ci NOT NULL,
  `CALENDAR_NAME` varchar(200) CHARACTER SET utf8mb4 COLLATE utf8mb4_general_ci NOT NULL,
  `CALENDAR` blob NOT NULL,
  PRIMARY KEY (`SCHED_NAME`, `CALENDAR_NAME`) USING BTREE
) ENGINE = InnoDB CHARACTER SET = utf8mb4 COLLATE = utf8mb4_general_ci ROW_FORMAT = DYNAMIC;

-- ----------------------------
-- Records of qrtz_calendars
-- ----------------------------

-- ----------------------------
-- Table structure for qrtz_cron_triggers
-- ----------------------------
DROP TABLE IF EXISTS `qrtz_cron_triggers`;
CREATE TABLE `qrtz_cron_triggers`  (
  `SCHED_NAME` varchar(120) CHARACTER SET utf8mb4 COLLATE utf8mb4_general_ci NOT NULL,
  `TRIGGER_NAME` varchar(200) CHARACTER SET utf8mb4 COLLATE utf8mb4_general_ci NOT NULL,
  `TRIGGER_GROUP` varchar(200) CHARACTER SET utf8mb4 COLLATE utf8mb4_general_ci NOT NULL,
  `CRON_EXPRESSION` varchar(120) CHARACTER SET utf8mb4 COLLATE utf8mb4_general_ci NOT NULL,
  `TIME_ZONE_ID` varchar(80) CHARACTER SET utf8mb4 COLLATE utf8mb4_general_ci NULL DEFAULT NULL,
  PRIMARY KEY (`SCHED_NAME`, `TRIGGER_NAME`, `TRIGGER_GROUP`) USING BTREE,
  CONSTRAINT `qrtz_cron_triggers_ibfk_1` FOREIGN KEY (`SCHED_NAME`, `TRIGGER_NAME`, `TRIGGER_GROUP`) REFERENCES `qrtz_triggers` (`SCHED_NAME`, `TRIGGER_NAME`, `TRIGGER_GROUP`) ON DELETE RESTRICT ON UPDATE RESTRICT
) ENGINE = InnoDB CHARACTER SET = utf8mb4 COLLATE = utf8mb4_general_ci ROW_FORMAT = DYNAMIC;

-- ----------------------------
-- Records of qrtz_cron_triggers
-- ----------------------------
INSERT INTO `qrtz_cron_triggers` VALUES ('clusteredScheduler', '1565314987957145601:TRIGGER_NAME', 'DEFAULT', '*/10 * * * * ?', 'Asia/Shanghai');
INSERT INTO `qrtz_cron_triggers` VALUES ('clusteredScheduler', '1565314987957145602:TRIGGER_NAME', 'DEFAULT', '*/20 * * * * ?', 'Asia/Shanghai');
INSERT INTO `qrtz_cron_triggers` VALUES ('clusteredScheduler', '1565314987957145603:TRIGGER_NAME', 'DEFAULT', '*/15 * * * * ?', 'Asia/Shanghai');
INSERT INTO `qrtz_cron_triggers` VALUES ('clusteredScheduler', '9223372036854775807:TRIGGER_NAME', 'DEFAULT', '*/3 * * * * ?', 'Asia/Shanghai');

-- ----------------------------
-- Table structure for qrtz_fired_triggers
-- ----------------------------
DROP TABLE IF EXISTS `qrtz_fired_triggers`;
CREATE TABLE `qrtz_fired_triggers`  (
  `SCHED_NAME` varchar(120) CHARACTER SET utf8mb4 COLLATE utf8mb4_general_ci NOT NULL,
  `ENTRY_ID` varchar(95) CHARACTER SET utf8mb4 COLLATE utf8mb4_general_ci NOT NULL,
  `TRIGGER_NAME` varchar(200) CHARACTER SET utf8mb4 COLLATE utf8mb4_general_ci NOT NULL,
  `TRIGGER_GROUP` varchar(200) CHARACTER SET utf8mb4 COLLATE utf8mb4_general_ci NOT NULL,
  `INSTANCE_NAME` varchar(200) CHARACTER SET utf8mb4 COLLATE utf8mb4_general_ci NOT NULL,
  `FIRED_TIME` bigint NOT NULL,
  `SCHED_TIME` bigint NOT NULL,
  `PRIORITY` int NOT NULL,
  `STATE` varchar(16) CHARACTER SET utf8mb4 COLLATE utf8mb4_general_ci NOT NULL,
  `JOB_NAME` varchar(200) CHARACTER SET utf8mb4 COLLATE utf8mb4_general_ci NULL DEFAULT NULL,
  `JOB_GROUP` varchar(200) CHARACTER SET utf8mb4 COLLATE utf8mb4_general_ci NULL DEFAULT NULL,
  `IS_NONCONCURRENT` varchar(1) CHARACTER SET utf8mb4 COLLATE utf8mb4_general_ci NULL DEFAULT NULL,
  `REQUESTS_RECOVERY` varchar(1) CHARACTER SET utf8mb4 COLLATE utf8mb4_general_ci NULL DEFAULT NULL,
  PRIMARY KEY (`SCHED_NAME`, `ENTRY_ID`) USING BTREE,
  INDEX `IDX_QRTZ_FT_TRIG_INST_NAME`(`SCHED_NAME` ASC, `INSTANCE_NAME` ASC) USING BTREE,
  INDEX `IDX_QRTZ_FT_INST_JOB_REQ_RCVRY`(`SCHED_NAME` ASC, `INSTANCE_NAME` ASC, `REQUESTS_RECOVERY` ASC) USING BTREE,
  INDEX `IDX_QRTZ_FT_J_G`(`SCHED_NAME` ASC, `JOB_NAME` ASC, `JOB_GROUP` ASC) USING BTREE,
  INDEX `IDX_QRTZ_FT_JG`(`SCHED_NAME` ASC, `JOB_GROUP` ASC) USING BTREE,
  INDEX `IDX_QRTZ_FT_T_G`(`SCHED_NAME` ASC, `TRIGGER_NAME` ASC, `TRIGGER_GROUP` ASC) USING BTREE,
  INDEX `IDX_QRTZ_FT_TG`(`SCHED_NAME` ASC, `TRIGGER_GROUP` ASC) USING BTREE
) ENGINE = InnoDB CHARACTER SET = utf8mb4 COLLATE = utf8mb4_general_ci ROW_FORMAT = DYNAMIC;

-- ----------------------------
-- Records of qrtz_fired_triggers
-- ----------------------------

-- ----------------------------
-- Table structure for qrtz_job_details
-- ----------------------------
DROP TABLE IF EXISTS `qrtz_job_details`;
CREATE TABLE `qrtz_job_details`  (
  `SCHED_NAME` varchar(120) CHARACTER SET utf8mb4 COLLATE utf8mb4_general_ci NOT NULL,
  `JOB_NAME` varchar(200) CHARACTER SET utf8mb4 COLLATE utf8mb4_general_ci NOT NULL,
  `JOB_GROUP` varchar(200) CHARACTER SET utf8mb4 COLLATE utf8mb4_general_ci NOT NULL,
  `DESCRIPTION` varchar(250) CHARACTER SET utf8mb4 COLLATE utf8mb4_general_ci NULL DEFAULT NULL,
  `JOB_CLASS_NAME` varchar(250) CHARACTER SET utf8mb4 COLLATE utf8mb4_general_ci NOT NULL,
  `IS_DURABLE` varchar(1) CHARACTER SET utf8mb4 COLLATE utf8mb4_general_ci NOT NULL,
  `IS_NONCONCURRENT` varchar(1) CHARACTER SET utf8mb4 COLLATE utf8mb4_general_ci NOT NULL,
  `IS_UPDATE_DATA` varchar(1) CHARACTER SET utf8mb4 COLLATE utf8mb4_general_ci NOT NULL,
  `REQUESTS_RECOVERY` varchar(1) CHARACTER SET utf8mb4 COLLATE utf8mb4_general_ci NOT NULL,
  `JOB_DATA` blob NULL,
  PRIMARY KEY (`SCHED_NAME`, `JOB_NAME`, `JOB_GROUP`) USING BTREE,
  INDEX `IDX_QRTZ_J_REQ_RECOVERY`(`SCHED_NAME` ASC, `REQUESTS_RECOVERY` ASC) USING BTREE,
  INDEX `IDX_QRTZ_J_GRP`(`SCHED_NAME` ASC, `JOB_GROUP` ASC) USING BTREE
) ENGINE = InnoDB CHARACTER SET = utf8mb4 COLLATE = utf8mb4_general_ci ROW_FORMAT = DYNAMIC;

-- ----------------------------
-- Records of qrtz_job_details
-- ----------------------------
INSERT INTO `qrtz_job_details` VALUES ('clusteredScheduler', '1565314987957145601:JOB_NAME', 'DEFAULT', NULL, 'com.breeze.boot.quartz.conf.DisallowConcurrentExecutionJob', '0', '1', '0', '0', 0xACED0005737200156F72672E71756172747A2E4A6F62446174614D61709FB083E8BFA9B0CB020000787200266F72672E71756172747A2E7574696C732E537472696E674B65794469727479466C61674D61708208E8C3FBC55D280200015A0013616C6C6F77735472616E7369656E74446174617872001D6F72672E71756172747A2E7574696C732E4469727479466C61674D617013E62EAD28760ACE0200025A000564697274794C00036D617074000F4C6A6176612F7574696C2F4D61703B787001737200116A6176612E7574696C2E486173684D61700507DAC1C31660D103000246000A6C6F6164466163746F724900097468726573686F6C6478703F4000000000000C770800000010000000017400084A4F425F444154417372002A636F6D2E627265657A652E626F6F742E71756172747A2E646F6D61696E2E53797351756172747A4A6F6200000000000000010200074C0009636C617A7A4E616D657400124C6A6176612F6C616E672F537472696E673B4C000A636F6E63757272656E747400134C6A6176612F6C616E672F496E74656765723B4C000E63726F6E45787072657373696F6E71007E00094C000C6A6F6247726F75704E616D6571007E00094C00076A6F624E616D6571007E00094C000D6D697366697265506F6C69637971007E000A4C000673746174757371007E000A78720023636F6D2E627265657A652E626F6F742E636F72652E626173652E426173654D6F64656CA0CB7674700FCCDB0200094C0008637265617465427971007E00094C000A6372656174654E616D6571007E00094C000A63726561746554696D657400194C6A6176612F74696D652F4C6F63616C4461746554696D653B4C000864656C657465427971007E00094C000269647400104C6A6176612F6C616E672F4C6F6E673B4C0008697344656C65746571007E000A4C0008757064617465427971007E00094C000A7570646174654E616D6571007E00094C000A75706461746554696D6571007E000C78720035636F6D2E62616F6D69646F752E6D796261746973706C75732E657874656E73696F6E2E6163746976657265636F72642E4D6F64656C00000000000000010200007870707070707372000E6A6176612E6C616E672E4C6F6E673B8BE490CC8F23DF0200014A000576616C7565787200106A6176612E6C616E672E4E756D62657286AC951D0B94E08B020000787015B91DB02AC7D001737200116A6176612E6C616E672E496E746567657212E2A0A4F781873802000149000576616C75657871007E001100000000707070740032627265657A654A6F62732E64656D6F4A6F62282274657374222C20312C2033442C20344C2C20747275652C2066616C73652971007E001474000E2A2F3130202A202A202A202A203F74000744454641554C54740020E6A0B7E4BE8B2D4265616EE5908DE4BA94E7A78DE4B88DE5908CE58F82E695B07371007E00130000000171007E00147800);
INSERT INTO `qrtz_job_details` VALUES ('clusteredScheduler', '1565314987957145602:JOB_NAME', 'DEFAULT', NULL, 'com.breeze.boot.quartz.conf.DisallowConcurrentExecutionJob', '0', '1', '0', '0', 0xACED0005737200156F72672E71756172747A2E4A6F62446174614D61709FB083E8BFA9B0CB020000787200266F72672E71756172747A2E7574696C732E537472696E674B65794469727479466C61674D61708208E8C3FBC55D280200015A0013616C6C6F77735472616E7369656E74446174617872001D6F72672E71756172747A2E7574696C732E4469727479466C61674D617013E62EAD28760ACE0200025A000564697274794C00036D617074000F4C6A6176612F7574696C2F4D61703B787001737200116A6176612E7574696C2E486173684D61700507DAC1C31660D103000246000A6C6F6164466163746F724900097468726573686F6C6478703F4000000000000C770800000010000000017400084A4F425F444154417372002A636F6D2E627265657A652E626F6F742E71756172747A2E646F6D61696E2E53797351756172747A4A6F6200000000000000010200074C0009636C617A7A4E616D657400124C6A6176612F6C616E672F537472696E673B4C000A636F6E63757272656E747400134C6A6176612F6C616E672F496E74656765723B4C000E63726F6E45787072657373696F6E71007E00094C000C6A6F6247726F75704E616D6571007E00094C00076A6F624E616D6571007E00094C000D6D697366697265506F6C69637971007E000A4C000673746174757371007E000A78720023636F6D2E627265657A652E626F6F742E636F72652E626173652E426173654D6F64656CA0CB7674700FCCDB0200094C0008637265617465427971007E00094C000A6372656174654E616D6571007E00094C000A63726561746554696D657400194C6A6176612F74696D652F4C6F63616C4461746554696D653B4C000864656C657465427971007E00094C000269647400104C6A6176612F6C616E672F4C6F6E673B4C0008697344656C65746571007E000A4C0008757064617465427971007E00094C000A7570646174654E616D6571007E00094C000A75706461746554696D6571007E000C78720035636F6D2E62616F6D69646F752E6D796261746973706C75732E657874656E73696F6E2E6163746976657265636F72642E4D6F64656C00000000000000010200007870707070707372000E6A6176612E6C616E672E4C6F6E673B8BE490CC8F23DF0200014A000576616C7565787200106A6176612E6C616E672E4E756D62657286AC951D0B94E08B020000787015B91DB02AC7D002737200116A6176612E6C616E672E496E746567657212E2A0A4F781873802000149000576616C75657871007E00110000000070707074001A627265657A654A6F62732E64656D6F4A6F62282274657374222971007E001474000E2A2F3230202A202A202A202A203F74000744454641554C54740020E6A0B7E4BE8B2D4265616EE5908DE8B083E794A8E58D95E4B8AAE58F82E695B07371007E00130000000271007E00147800);
INSERT INTO `qrtz_job_details` VALUES ('clusteredScheduler', '1565314987957145603:JOB_NAME', 'DEFAULT', NULL, 'com.breeze.boot.quartz.conf.DisallowConcurrentExecutionJob', '0', '1', '0', '0', 0xACED0005737200156F72672E71756172747A2E4A6F62446174614D61709FB083E8BFA9B0CB020000787200266F72672E71756172747A2E7574696C732E537472696E674B65794469727479466C61674D61708208E8C3FBC55D280200015A0013616C6C6F77735472616E7369656E74446174617872001D6F72672E71756172747A2E7574696C732E4469727479466C61674D617013E62EAD28760ACE0200025A000564697274794C00036D617074000F4C6A6176612F7574696C2F4D61703B787001737200116A6176612E7574696C2E486173684D61700507DAC1C31660D103000246000A6C6F6164466163746F724900097468726573686F6C6478703F4000000000000C770800000010000000017400084A4F425F444154417372002A636F6D2E627265657A652E626F6F742E71756172747A2E646F6D61696E2E53797351756172747A4A6F6200000000000000010200074C0009636C617A7A4E616D657400124C6A6176612F6C616E672F537472696E673B4C000A636F6E63757272656E747400134C6A6176612F6C616E672F496E74656765723B4C000E63726F6E45787072657373696F6E71007E00094C000C6A6F6247726F75704E616D6571007E00094C00076A6F624E616D6571007E00094C000D6D697366697265506F6C69637971007E000A4C000673746174757371007E000A78720023636F6D2E627265657A652E626F6F742E636F72652E626173652E426173654D6F64656CA0CB7674700FCCDB0200094C0008637265617465427971007E00094C000A6372656174654E616D6571007E00094C000A63726561746554696D657400194C6A6176612F74696D652F4C6F63616C4461746554696D653B4C000864656C657465427971007E00094C000269647400104C6A6176612F6C616E672F4C6F6E673B4C0008697344656C65746571007E000A4C0008757064617465427971007E00094C000A7570646174654E616D6571007E00094C000A75706461746554696D6571007E000C78720035636F6D2E62616F6D69646F752E6D796261746973706C75732E657874656E73696F6E2E6163746976657265636F72642E4D6F64656C00000000000000010200007870707070707372000E6A6176612E6C616E672E4C6F6E673B8BE490CC8F23DF0200014A000576616C7565787200106A6176612E6C616E672E4E756D62657286AC951D0B94E08B020000787015B91DB02AC7D003737200116A6176612E6C616E672E496E746567657212E2A0A4F781873802000149000576616C75657871007E00110000000070707074004E636F6D2E627265657A652E636C6F75642E71756172747A2E6A6F622E427265657A654A6F62732E64656D6F4A6F62282274657374222C20312C2033442C20344C2C20747275652C2066616C73652971007E001474000E2A2F3135202A202A202A202A203F74000744454641554C54740023E6A0B7E4BE8B2DE585A8E7B1BBE5908D2DE4BA94E7A78DE4B88DE5908CE58F82E695B07371007E0013FFFFFFFF71007E00147800);
INSERT INTO `qrtz_job_details` VALUES ('clusteredScheduler', '9223372036854775807:JOB_NAME', 'DEFAULT', NULL, 'com.breeze.boot.quartz.conf.DisallowConcurrentExecutionJob', '0', '1', '0', '0', 0xACED0005737200156F72672E71756172747A2E4A6F62446174614D61709FB083E8BFA9B0CB020000787200266F72672E71756172747A2E7574696C732E537472696E674B65794469727479466C61674D61708208E8C3FBC55D280200015A0013616C6C6F77735472616E7369656E74446174617872001D6F72672E71756172747A2E7574696C732E4469727479466C61674D617013E62EAD28760ACE0200025A000564697274794C00036D617074000F4C6A6176612F7574696C2F4D61703B787001737200116A6176612E7574696C2E486173684D61700507DAC1C31660D103000246000A6C6F6164466163746F724900097468726573686F6C6478703F4000000000000C770800000010000000017400084A4F425F444154417372002A636F6D2E627265657A652E626F6F742E71756172747A2E646F6D61696E2E53797351756172747A4A6F6200000000000000010200074C0009636C617A7A4E616D657400124C6A6176612F6C616E672F537472696E673B4C000A636F6E63757272656E747400134C6A6176612F6C616E672F496E74656765723B4C000E63726F6E45787072657373696F6E71007E00094C000C6A6F6247726F75704E616D6571007E00094C00076A6F624E616D6571007E00094C000D6D697366697265506F6C69637971007E000A4C000673746174757371007E000A78720023636F6D2E627265657A652E626F6F742E636F72652E626173652E426173654D6F64656CA0CB7674700FCCDB0200094C0008637265617465427971007E00094C000A6372656174654E616D6571007E00094C000A63726561746554696D657400194C6A6176612F74696D652F4C6F63616C4461746554696D653B4C000864656C657465427971007E00094C000269647400104C6A6176612F6C616E672F4C6F6E673B4C0008697344656C65746571007E000A4C0008757064617465427971007E00094C000A7570646174654E616D6571007E00094C000A75706461746554696D6571007E000C78720035636F6D2E62616F6D69646F752E6D796261746973706C75732E657874656E73696F6E2E6163746976657265636F72642E4D6F64656C00000000000000010200007870707070707372000E6A6176612E6C616E672E4C6F6E673B8BE490CC8F23DF0200014A000576616C7565787200106A6176612E6C616E672E4E756D62657286AC951D0B94E08B02000078707FFFFFFFFFFFFFFF737200116A6176612E6C616E672E496E746567657212E2A0A4F781873802000149000576616C75657871007E001100000000707070740036636F6D2E627265657A652E636C6F75642E71756172747A2E6A6F622E427265657A654A6F62732E64656D6F4A6F62282274657374222971007E001474000D2A2F33202A202A202A202A203F74000744454641554C5474001DE6A0B7E4BE8B2DE585A8E7B1BBE5908D2DE58D95E4B8AAE58F82E695B07371007E00130000000171007E00147800);

-- ----------------------------
-- Table structure for qrtz_locks
-- ----------------------------
DROP TABLE IF EXISTS `qrtz_locks`;
CREATE TABLE `qrtz_locks`  (
  `SCHED_NAME` varchar(120) CHARACTER SET utf8mb4 COLLATE utf8mb4_general_ci NOT NULL,
  `LOCK_NAME` varchar(40) CHARACTER SET utf8mb4 COLLATE utf8mb4_general_ci NOT NULL,
  PRIMARY KEY (`SCHED_NAME`, `LOCK_NAME`) USING BTREE
) ENGINE = InnoDB CHARACTER SET = utf8mb4 COLLATE = utf8mb4_general_ci ROW_FORMAT = DYNAMIC;

-- ----------------------------
-- Records of qrtz_locks
-- ----------------------------
INSERT INTO `qrtz_locks` VALUES ('clusteredScheduler', 'STATE_ACCESS');
INSERT INTO `qrtz_locks` VALUES ('clusteredScheduler', 'TRIGGER_ACCESS');

-- ----------------------------
-- Table structure for qrtz_paused_trigger_grps
-- ----------------------------
DROP TABLE IF EXISTS `qrtz_paused_trigger_grps`;
CREATE TABLE `qrtz_paused_trigger_grps`  (
  `SCHED_NAME` varchar(120) CHARACTER SET utf8mb4 COLLATE utf8mb4_general_ci NOT NULL,
  `TRIGGER_GROUP` varchar(200) CHARACTER SET utf8mb4 COLLATE utf8mb4_general_ci NOT NULL,
  PRIMARY KEY (`SCHED_NAME`, `TRIGGER_GROUP`) USING BTREE
) ENGINE = InnoDB CHARACTER SET = utf8mb4 COLLATE = utf8mb4_general_ci ROW_FORMAT = DYNAMIC;

-- ----------------------------
-- Records of qrtz_paused_trigger_grps
-- ----------------------------

-- ----------------------------
-- Table structure for qrtz_scheduler_state
-- ----------------------------
DROP TABLE IF EXISTS `qrtz_scheduler_state`;
CREATE TABLE `qrtz_scheduler_state`  (
  `SCHED_NAME` varchar(120) CHARACTER SET utf8mb4 COLLATE utf8mb4_general_ci NOT NULL,
  `INSTANCE_NAME` varchar(200) CHARACTER SET utf8mb4 COLLATE utf8mb4_general_ci NOT NULL,
  `LAST_CHECKIN_TIME` bigint NOT NULL,
  `CHECKIN_INTERVAL` bigint NOT NULL,
  PRIMARY KEY (`SCHED_NAME`, `INSTANCE_NAME`) USING BTREE
) ENGINE = InnoDB CHARACTER SET = utf8mb4 COLLATE = utf8mb4_general_ci ROW_FORMAT = DYNAMIC;

-- ----------------------------
-- Records of qrtz_scheduler_state
-- ----------------------------
INSERT INTO `qrtz_scheduler_state` VALUES ('clusteredScheduler', 'LAPTOP-FEJOU78J1688451113107', 1688456361412, 10000);

-- ----------------------------
-- Table structure for qrtz_simple_triggers
-- ----------------------------
DROP TABLE IF EXISTS `qrtz_simple_triggers`;
CREATE TABLE `qrtz_simple_triggers`  (
  `SCHED_NAME` varchar(120) CHARACTER SET utf8mb4 COLLATE utf8mb4_general_ci NOT NULL,
  `TRIGGER_NAME` varchar(200) CHARACTER SET utf8mb4 COLLATE utf8mb4_general_ci NOT NULL,
  `TRIGGER_GROUP` varchar(200) CHARACTER SET utf8mb4 COLLATE utf8mb4_general_ci NOT NULL,
  `REPEAT_COUNT` bigint NOT NULL,
  `REPEAT_INTERVAL` bigint NOT NULL,
  `TIMES_TRIGGERED` bigint NOT NULL,
  PRIMARY KEY (`SCHED_NAME`, `TRIGGER_NAME`, `TRIGGER_GROUP`) USING BTREE,
  CONSTRAINT `qrtz_simple_triggers_ibfk_1` FOREIGN KEY (`SCHED_NAME`, `TRIGGER_NAME`, `TRIGGER_GROUP`) REFERENCES `qrtz_triggers` (`SCHED_NAME`, `TRIGGER_NAME`, `TRIGGER_GROUP`) ON DELETE RESTRICT ON UPDATE RESTRICT
) ENGINE = InnoDB CHARACTER SET = utf8mb4 COLLATE = utf8mb4_general_ci ROW_FORMAT = DYNAMIC;

-- ----------------------------
-- Records of qrtz_simple_triggers
-- ----------------------------

-- ----------------------------
-- Table structure for qrtz_simprop_triggers
-- ----------------------------
DROP TABLE IF EXISTS `qrtz_simprop_triggers`;
CREATE TABLE `qrtz_simprop_triggers`  (
  `SCHED_NAME` varchar(120) CHARACTER SET utf8mb4 COLLATE utf8mb4_general_ci NOT NULL,
  `TRIGGER_NAME` varchar(200) CHARACTER SET utf8mb4 COLLATE utf8mb4_general_ci NOT NULL,
  `TRIGGER_GROUP` varchar(200) CHARACTER SET utf8mb4 COLLATE utf8mb4_general_ci NOT NULL,
  `STR_PROP_1` varchar(512) CHARACTER SET utf8mb4 COLLATE utf8mb4_general_ci NULL DEFAULT NULL,
  `STR_PROP_2` varchar(512) CHARACTER SET utf8mb4 COLLATE utf8mb4_general_ci NULL DEFAULT NULL,
  `STR_PROP_3` varchar(512) CHARACTER SET utf8mb4 COLLATE utf8mb4_general_ci NULL DEFAULT NULL,
  `INT_PROP_1` int NULL DEFAULT NULL,
  `INT_PROP_2` int NULL DEFAULT NULL,
  `LONG_PROP_1` bigint NULL DEFAULT NULL,
  `LONG_PROP_2` bigint NULL DEFAULT NULL,
  `DEC_PROP_1` decimal(13, 4) NULL DEFAULT NULL,
  `DEC_PROP_2` decimal(13, 4) NULL DEFAULT NULL,
  `BOOL_PROP_1` varchar(1) CHARACTER SET utf8mb4 COLLATE utf8mb4_general_ci NULL DEFAULT NULL,
  `BOOL_PROP_2` varchar(1) CHARACTER SET utf8mb4 COLLATE utf8mb4_general_ci NULL DEFAULT NULL,
  PRIMARY KEY (`SCHED_NAME`, `TRIGGER_NAME`, `TRIGGER_GROUP`) USING BTREE,
  CONSTRAINT `qrtz_simprop_triggers_ibfk_1` FOREIGN KEY (`SCHED_NAME`, `TRIGGER_NAME`, `TRIGGER_GROUP`) REFERENCES `qrtz_triggers` (`SCHED_NAME`, `TRIGGER_NAME`, `TRIGGER_GROUP`) ON DELETE RESTRICT ON UPDATE RESTRICT
) ENGINE = InnoDB CHARACTER SET = utf8mb4 COLLATE = utf8mb4_general_ci ROW_FORMAT = DYNAMIC;

-- ----------------------------
-- Records of qrtz_simprop_triggers
-- ----------------------------

-- ----------------------------
-- Table structure for qrtz_task_history
-- ----------------------------
DROP TABLE IF EXISTS `qrtz_task_history`;
CREATE TABLE `qrtz_task_history`  (
  `SCHED_NAME` varchar(120) CHARACTER SET utf8mb4 COLLATE utf8mb4_general_ci NOT NULL,
  `INSTANCE_ID` varchar(200) CHARACTER SET utf8mb4 COLLATE utf8mb4_general_ci NOT NULL,
  `FIRE_ID` varchar(95) CHARACTER SET utf8mb4 COLLATE utf8mb4_general_ci NOT NULL,
  `TASK_NAME` varchar(200) CHARACTER SET utf8mb4 COLLATE utf8mb4_general_ci NULL DEFAULT NULL,
  `TASK_GROUP` varchar(200) CHARACTER SET utf8mb4 COLLATE utf8mb4_general_ci NULL DEFAULT NULL,
  `FIRED_TIME` bigint NULL DEFAULT NULL,
  `FIRED_WAY` varchar(8) CHARACTER SET utf8mb4 COLLATE utf8mb4_general_ci NULL DEFAULT NULL,
  `COMPLETE_TIME` bigint NULL DEFAULT NULL,
  `EXPEND_TIME` bigint NULL DEFAULT NULL,
  `REFIRED` int NULL DEFAULT NULL,
  `EXEC_STATE` varchar(10) CHARACTER SET utf8mb4 COLLATE utf8mb4_general_ci NULL DEFAULT NULL,
  `LOG` text CHARACTER SET utf8mb4 COLLATE utf8mb4_general_ci NULL,
  PRIMARY KEY (`FIRE_ID`) USING BTREE,
  INDEX `IDX_QRTZ_TK_S`(`SCHED_NAME` ASC) USING BTREE
) ENGINE = InnoDB CHARACTER SET = utf8mb4 COLLATE = utf8mb4_general_ci ROW_FORMAT = DYNAMIC;

-- ----------------------------
-- Records of qrtz_task_history
-- ----------------------------

-- ----------------------------
-- Table structure for qrtz_triggers
-- ----------------------------
DROP TABLE IF EXISTS `qrtz_triggers`;
CREATE TABLE `qrtz_triggers`  (
  `SCHED_NAME` varchar(120) CHARACTER SET utf8mb4 COLLATE utf8mb4_general_ci NOT NULL,
  `TRIGGER_NAME` varchar(200) CHARACTER SET utf8mb4 COLLATE utf8mb4_general_ci NOT NULL,
  `TRIGGER_GROUP` varchar(200) CHARACTER SET utf8mb4 COLLATE utf8mb4_general_ci NOT NULL,
  `JOB_NAME` varchar(200) CHARACTER SET utf8mb4 COLLATE utf8mb4_general_ci NOT NULL,
  `JOB_GROUP` varchar(200) CHARACTER SET utf8mb4 COLLATE utf8mb4_general_ci NOT NULL,
  `DESCRIPTION` varchar(250) CHARACTER SET utf8mb4 COLLATE utf8mb4_general_ci NULL DEFAULT NULL,
  `NEXT_FIRE_TIME` bigint NULL DEFAULT NULL,
  `PREV_FIRE_TIME` bigint NULL DEFAULT NULL,
  `PRIORITY` int NULL DEFAULT NULL,
  `TRIGGER_STATE` varchar(16) CHARACTER SET utf8mb4 COLLATE utf8mb4_general_ci NOT NULL,
  `TRIGGER_TYPE` varchar(8) CHARACTER SET utf8mb4 COLLATE utf8mb4_general_ci NOT NULL,
  `START_TIME` bigint NOT NULL,
  `END_TIME` bigint NULL DEFAULT NULL,
  `CALENDAR_NAME` varchar(200) CHARACTER SET utf8mb4 COLLATE utf8mb4_general_ci NULL DEFAULT NULL,
  `MISFIRE_INSTR` smallint NULL DEFAULT NULL,
  `JOB_DATA` blob NULL,
  PRIMARY KEY (`SCHED_NAME`, `TRIGGER_NAME`, `TRIGGER_GROUP`) USING BTREE,
  INDEX `IDX_QRTZ_T_J`(`SCHED_NAME` ASC, `JOB_NAME` ASC, `JOB_GROUP` ASC) USING BTREE,
  INDEX `IDX_QRTZ_T_JG`(`SCHED_NAME` ASC, `JOB_GROUP` ASC) USING BTREE,
  INDEX `IDX_QRTZ_T_C`(`SCHED_NAME` ASC, `CALENDAR_NAME` ASC) USING BTREE,
  INDEX `IDX_QRTZ_T_G`(`SCHED_NAME` ASC, `TRIGGER_GROUP` ASC) USING BTREE,
  INDEX `IDX_QRTZ_T_STATE`(`SCHED_NAME` ASC, `TRIGGER_STATE` ASC) USING BTREE,
  INDEX `IDX_QRTZ_T_N_STATE`(`SCHED_NAME` ASC, `TRIGGER_NAME` ASC, `TRIGGER_GROUP` ASC, `TRIGGER_STATE` ASC) USING BTREE,
  INDEX `IDX_QRTZ_T_N_G_STATE`(`SCHED_NAME` ASC, `TRIGGER_GROUP` ASC, `TRIGGER_STATE` ASC) USING BTREE,
  INDEX `IDX_QRTZ_T_NEXT_FIRE_TIME`(`SCHED_NAME` ASC, `NEXT_FIRE_TIME` ASC) USING BTREE,
  INDEX `IDX_QRTZ_T_NFT_ST`(`SCHED_NAME` ASC, `TRIGGER_STATE` ASC, `NEXT_FIRE_TIME` ASC) USING BTREE,
  INDEX `IDX_QRTZ_T_NFT_MISFIRE`(`SCHED_NAME` ASC, `MISFIRE_INSTR` ASC, `NEXT_FIRE_TIME` ASC) USING BTREE,
  INDEX `IDX_QRTZ_T_NFT_ST_MISFIRE`(`SCHED_NAME` ASC, `MISFIRE_INSTR` ASC, `NEXT_FIRE_TIME` ASC, `TRIGGER_STATE` ASC) USING BTREE,
  INDEX `IDX_QRTZ_T_NFT_ST_MISFIRE_GRP`(`SCHED_NAME` ASC, `MISFIRE_INSTR` ASC, `NEXT_FIRE_TIME` ASC, `TRIGGER_GROUP` ASC, `TRIGGER_STATE` ASC) USING BTREE,
  CONSTRAINT `qrtz_triggers_ibfk_1` FOREIGN KEY (`SCHED_NAME`, `JOB_NAME`, `JOB_GROUP`) REFERENCES `qrtz_job_details` (`SCHED_NAME`, `JOB_NAME`, `JOB_GROUP`) ON DELETE RESTRICT ON UPDATE RESTRICT
) ENGINE = InnoDB CHARACTER SET = utf8mb4 COLLATE = utf8mb4_general_ci ROW_FORMAT = DYNAMIC;

-- ----------------------------
-- Records of qrtz_triggers
-- ----------------------------
INSERT INTO `qrtz_triggers` VALUES ('clusteredScheduler', '1565314987957145601:TRIGGER_NAME', 'DEFAULT', '1565314987957145601:JOB_NAME', 'DEFAULT', NULL, 1688451120000, -1, 5, 'PAUSED', 'CRON', 1688451113000, 0, NULL, 1, '');
INSERT INTO `qrtz_triggers` VALUES ('clusteredScheduler', '1565314987957145602:TRIGGER_NAME', 'DEFAULT', '1565314987957145602:JOB_NAME', 'DEFAULT', NULL, 1688451120000, -1, 5, 'PAUSED', 'CRON', 1688451113000, 0, NULL, 2, '');
INSERT INTO `qrtz_triggers` VALUES ('clusteredScheduler', '1565314987957145603:TRIGGER_NAME', 'DEFAULT', '1565314987957145603:JOB_NAME', 'DEFAULT', NULL, 1688451120000, -1, 5, 'PAUSED', 'CRON', 1688451113000, 0, NULL, -1, '');
INSERT INTO `qrtz_triggers` VALUES ('clusteredScheduler', '9223372036854775807:TRIGGER_NAME', 'DEFAULT', '9223372036854775807:JOB_NAME', 'DEFAULT', NULL, 1688451114000, -1, 5, 'PAUSED', 'CRON', 1688451113000, 0, NULL, 1, '');

-- ----------------------------
-- Table structure for sys_db
-- ----------------------------
DROP TABLE IF EXISTS `sys_db`;
CREATE TABLE `sys_db`  (
  `id` bigint NOT NULL COMMENT '主键ID',
  `tenant_id` bigint NULL DEFAULT NULL COMMENT '租户ID',
  `db_code` varchar(128) CHARACTER SET utf8mb4 COLLATE utf8mb4_general_ci NULL DEFAULT NULL COMMENT '数据源CODE',
  `db_name` varchar(32) CHARACTER SET utf8mb4 COLLATE utf8mb4_general_ci NULL DEFAULT NULL COMMENT '数据库名称',
  `driver` varchar(128) CHARACTER SET utf8mb4 COLLATE utf8mb4_general_ci NULL DEFAULT NULL COMMENT '驱动',
  `url` varchar(255) CHARACTER SET utf8mb4 COLLATE utf8mb4_general_ci NULL DEFAULT NULL COMMENT '地址',
  `username` varchar(32) CHARACTER SET utf8mb4 COLLATE utf8mb4_general_ci NULL DEFAULT '0' COMMENT '用户名',
  `password` varchar(128) CHARACTER SET utf8mb4 COLLATE utf8mb4_general_ci NULL DEFAULT NULL COMMENT '密码',
  `create_by` varchar(16) CHARACTER SET utf8mb4 COLLATE utf8mb4_general_ci NULL DEFAULT NULL COMMENT '创建人编码',
  `create_name` varchar(16) CHARACTER SET utf8mb4 COLLATE utf8mb4_general_ci NULL DEFAULT NULL COMMENT '创建人姓名',
  `create_time` datetime NULL DEFAULT CURRENT_TIMESTAMP COMMENT '创建时间',
  PRIMARY KEY (`id`) USING BTREE
) ENGINE = InnoDB CHARACTER SET = utf8mb4 COLLATE = utf8mb4_general_ci COMMENT = '数据源配置' ROW_FORMAT = DYNAMIC;

-- ----------------------------
-- Records of sys_db
-- ----------------------------

-- ----------------------------
-- Table structure for sys_dept
-- ----------------------------
DROP TABLE IF EXISTS `sys_dept`;
CREATE TABLE `sys_dept`  (
  `id` bigint NOT NULL DEFAULT 1111111111111111111 COMMENT '主键ID',
  `parent_id` bigint NULL DEFAULT 0 COMMENT '上级部门ID',
  `dept_code` varchar(128) CHARACTER SET utf8mb4 COLLATE utf8mb4_general_ci NULL DEFAULT NULL COMMENT '部门编码',
  `dept_name` varchar(32) CHARACTER SET utf8mb4 COLLATE utf8mb4_general_ci NULL DEFAULT NULL COMMENT '部门名称',
  `create_by` varchar(16) CHARACTER SET utf8mb4 COLLATE utf8mb4_general_ci NULL DEFAULT NULL COMMENT '创建人编码',
  `create_name` varchar(16) CHARACTER SET utf8mb4 COLLATE utf8mb4_general_ci NULL DEFAULT NULL COMMENT '创建人姓名',
  `create_time` datetime NULL DEFAULT CURRENT_TIMESTAMP COMMENT '创建时间',
  `update_by` varchar(16) CHARACTER SET utf8mb4 COLLATE utf8mb4_general_ci NULL DEFAULT NULL COMMENT '修改人编码',
  `update_name` varchar(16) CHARACTER SET utf8mb4 COLLATE utf8mb4_general_ci NULL DEFAULT NULL COMMENT '修改人姓名',
  `update_time` datetime NULL DEFAULT NULL ON UPDATE CURRENT_TIMESTAMP COMMENT '修改时间',
  `is_delete` tinyint(1) NULL DEFAULT 0 COMMENT '是否删除 0 未删除 1 已删除',
  `delete_by` varchar(16) CHARACTER SET utf8mb4 COLLATE utf8mb4_general_ci NULL DEFAULT NULL COMMENT '删除人编码',
  `tenant_id` bigint NOT NULL COMMENT '租户ID',
  PRIMARY KEY (`id`) USING BTREE
) ENGINE = InnoDB CHARACTER SET = utf8mb4 COLLATE = utf8mb4_general_ci COMMENT = '部门' ROW_FORMAT = DYNAMIC;

-- ----------------------------
-- Records of sys_dept
-- ----------------------------
INSERT INTO `sys_dept` VALUES (1565314987957145600, 1111111111111111111, 'GS', '总公司', NULL, NULL, NULL, NULL, NULL, NULL, 0, NULL, 1);
INSERT INTO `sys_dept` VALUES (1565314987957145609, 1565314987957145600, 'DSB', '董事办', NULL, NULL, NULL, NULL, NULL, NULL, 0, NULL, 1);
INSERT INTO `sys_dept` VALUES (1581851971500371970, 1565314987957145600, 'IT', 'IT研发部门', NULL, NULL, NULL, NULL, NULL, NULL, 0, NULL, 1);
INSERT INTO `sys_dept` VALUES (1601579918477983745, 1581851971500371970, 'Java1', '研发组1', NULL, NULL, NULL, NULL, NULL, NULL, 0, NULL, 1);
INSERT INTO `sys_dept` VALUES (1601579970948726786, 1581851971500371970, 'Java2', 'Java2', NULL, NULL, NULL, NULL, NULL, NULL, 0, NULL, 1);

-- ----------------------------
-- Table structure for sys_dict
-- ----------------------------
DROP TABLE IF EXISTS `sys_dict`;
CREATE TABLE `sys_dict`  (
  `id` bigint NOT NULL COMMENT '主键ID',
  `dict_name` varchar(128) CHARACTER SET utf8mb4 COLLATE utf8mb4_general_ci NULL DEFAULT NULL COMMENT '字典名称',
  `dict_code` varchar(128) CHARACTER SET utf8mb4 COLLATE utf8mb4_general_ci NULL DEFAULT '0' COMMENT '字典编码',
  `status` tinyint(1) NULL DEFAULT 0 COMMENT '是否启用 0 关闭 1 启用',
  `create_by` varchar(16) CHARACTER SET utf8mb4 COLLATE utf8mb4_general_ci NULL DEFAULT NULL COMMENT '创建人编码',
  `create_name` varchar(16) CHARACTER SET utf8mb4 COLLATE utf8mb4_general_ci NULL DEFAULT NULL COMMENT '创建人姓名',
  `create_time` datetime NULL DEFAULT CURRENT_TIMESTAMP COMMENT '创建时间',
  `update_by` varchar(16) CHARACTER SET utf8mb4 COLLATE utf8mb4_general_ci NULL DEFAULT NULL COMMENT '修改人编码',
  `update_name` varchar(16) CHARACTER SET utf8mb4 COLLATE utf8mb4_general_ci NULL DEFAULT NULL COMMENT '修改人姓名',
  `update_time` datetime NULL DEFAULT NULL ON UPDATE CURRENT_TIMESTAMP COMMENT '修改时间',
  `is_delete` tinyint(1) NULL DEFAULT 0 COMMENT '是否删除 0 未删除 1 已删除',
  `delete_by` varchar(16) CHARACTER SET utf8mb4 COLLATE utf8mb4_general_ci NULL DEFAULT NULL COMMENT '删除人编码',
  `tenant_id` bigint NOT NULL COMMENT '租户ID',
  PRIMARY KEY (`id`) USING BTREE
) ENGINE = InnoDB CHARACTER SET = utf8mb4 COLLATE = utf8mb4_general_ci COMMENT = '字典' ROW_FORMAT = DYNAMIC;

-- ----------------------------
-- Records of sys_dict
-- ----------------------------
INSERT INTO `sys_dict` VALUES (1599032827285213185, '性别', 'SEX', 1, NULL, NULL, NULL, NULL, NULL, NULL, 0, NULL, 1);
INSERT INTO `sys_dict` VALUES (1599033063277727745, '菜单类型', 'MENU_TYPE', 1, NULL, NULL, NULL, NULL, NULL, NULL, 0, NULL, 1);
INSERT INTO `sys_dict` VALUES (1599034133752188930, '日志类型', 'LOG_TYPE', 1, NULL, NULL, NULL, NULL, NULL, NULL, 0, NULL, 1);
INSERT INTO `sys_dict` VALUES (1599034233434017794, '操作类型', 'DO_TYPE', 1, NULL, NULL, NULL, NULL, NULL, NULL, 0, NULL, 1);
INSERT INTO `sys_dict` VALUES (1599035056616509442, '日志结果', 'LOG_RESULT', 1, NULL, NULL, NULL, NULL, NULL, NULL, 0, NULL, 1);
INSERT INTO `sys_dict` VALUES (1599035447399813121, '消息级别', 'MSG_LEVEL', 1, NULL, NULL, NULL, NULL, NULL, NULL, 0, NULL, 1);
INSERT INTO `sys_dict` VALUES (1599035906529300481, '消息类型', 'MSG_TYPE', 1, NULL, NULL, NULL, NULL, NULL, NULL, 0, NULL, 1);
INSERT INTO `sys_dict` VALUES (1599036245466812417, '开关', 'DICT_STATUS', 1, NULL, NULL, NULL, NULL, NULL, NULL, 0, NULL, 1);
INSERT INTO `sys_dict` VALUES (1599036494331645953, '缓存', 'KEEPALIVE', 1, NULL, NULL, NULL, NULL, NULL, NULL, 0, NULL, 1);
INSERT INTO `sys_dict` VALUES (1599036771814215681, '显示隐藏', 'HIDDEN', 1, NULL, NULL, NULL, NULL, NULL, NULL, 0, NULL, 1);
INSERT INTO `sys_dict` VALUES (1599037134667649025, '路由外链', 'HREF', 1, NULL, NULL, NULL, NULL, NULL, NULL, 0, NULL, 1);
INSERT INTO `sys_dict` VALUES (1599218032822394881, '结果', 'RESULT', 1, NULL, NULL, NULL, NULL, NULL, NULL, 0, NULL, 1);
INSERT INTO `sys_dict` VALUES (1599288041217064962, '锁定', 'IS_LOCK', 1, NULL, NULL, NULL, NULL, NULL, NULL, 0, NULL, 1);
INSERT INTO `sys_dict` VALUES (1599292998100058114, '读取状态', 'MARK_READ', 1, NULL, NULL, NULL, NULL, NULL, NULL, 0, NULL, 1);
INSERT INTO `sys_dict` VALUES (1601793691449020417, '数据权限固定编码', 'PERMISSION_CODE', 1, NULL, NULL, NULL, NULL, NULL, NULL, 0, NULL, 1);
INSERT INTO `sys_dict` VALUES (1637619982970351618, '任务策略', 'MISFIRE_POLICY', 1, NULL, NULL, NULL, NULL, NULL, NULL, 0, NULL, 1);
INSERT INTO `sys_dict` VALUES (1637621879726895105, '并发', 'CONCURRENT', 1, NULL, NULL, NULL, NULL, NULL, NULL, 0, NULL, 1);
INSERT INTO `sys_dict` VALUES (1637622109440536577, '任务状态', 'JOB_STATUS', 1, NULL, NULL, NULL, NULL, NULL, NULL, 0, NULL, 1);
INSERT INTO `sys_dict` VALUES (1639508202175832066, '任务组', 'JOB_GROUP', 1, NULL, NULL, NULL, NULL, NULL, NULL, 0, NULL, 1);
INSERT INTO `sys_dict` VALUES (1658030824311799809, '身份验证方法', 'CLIENT_AUTHENTICATION_METHODS', 1, NULL, NULL, NULL, NULL, NULL, NULL, 0, NULL, 1);
INSERT INTO `sys_dict` VALUES (1658030901172420609, '授权许可类型', 'AUTHORIZATION_GRANT_TYPES', 1, NULL, NULL, NULL, NULL, NULL, NULL, 0, NULL, 1);
INSERT INTO `sys_dict` VALUES (1658031007506415617, '权限范围', 'SCOPES', 1, NULL, NULL, NULL, NULL, NULL, NULL, 0, NULL, 1);
INSERT INTO `sys_dict` VALUES (1658031278974353410, 'JWT签名算法', 'TOKEN_ENDPOINT_AUTHENTICATION_SIGNING_ALGORITHM', 1, NULL, NULL, NULL, NULL, NULL, NULL, 0, NULL, 1);
INSERT INTO `sys_dict` VALUES (1658031392233144321, 'ID-TOKEN签名算法', 'ID_TOKEN_SIGNATURE_ALGORITHM', 1, NULL, NULL, NULL, NULL, NULL, NULL, 0, NULL, 1);
INSERT INTO `sys_dict` VALUES (1658031447681843201, '访问令牌格式', 'ACCESS_TOKEN_FORMAT', 1, NULL, NULL, NULL, NULL, NULL, NULL, 0, NULL, 1);
INSERT INTO `sys_dict` VALUES (1658303277953040385, '重定向Uris', 'REDIRECT_URIS', 1, NULL, NULL, NULL, NULL, NULL, NULL, 0, NULL, 1);
INSERT INTO `sys_dict` VALUES (1764226737312161793, '任务执行结果', 'JOB_RESULT', 1, NULL, NULL, NULL, NULL, NULL, NULL, 0, NULL, 1);
INSERT INTO `sys_dict` VALUES (1807339348534599681, '流程暂停', 'FLOW_SUSPENDED', 1, NULL, NULL, NULL, NULL, NULL, NULL, 0, NULL, 1);

-- ----------------------------
-- Table structure for sys_dict_item
-- ----------------------------
DROP TABLE IF EXISTS `sys_dict_item`;
CREATE TABLE `sys_dict_item`  (
  `id` bigint NOT NULL COMMENT '主键ID',
  `dict_id` bigint NULL DEFAULT NULL COMMENT '字典ID',
  `value` varchar(64) CHARACTER SET utf8mb4 COLLATE utf8mb4_general_ci NULL DEFAULT '0' COMMENT '字典项的值',
  `label` varchar(64) CHARACTER SET utf8mb4 COLLATE utf8mb4_general_ci NULL DEFAULT NULL COMMENT '字典项的名称',
  `type` varchar(25) CHARACTER SET utf8mb4 COLLATE utf8mb4_general_ci NULL DEFAULT 'default' COMMENT '类型，对应elementUI 的类型',
  `create_by` varchar(16) CHARACTER SET utf8mb4 COLLATE utf8mb4_general_ci NULL DEFAULT NULL COMMENT '创建人编码',
  `create_name` varchar(16) CHARACTER SET utf8mb4 COLLATE utf8mb4_general_ci NULL DEFAULT NULL COMMENT '创建人姓名',
  `create_time` datetime NULL DEFAULT CURRENT_TIMESTAMP COMMENT '创建时间',
  `update_by` varchar(16) CHARACTER SET utf8mb4 COLLATE utf8mb4_general_ci NULL DEFAULT NULL COMMENT '修改人编码',
  `update_name` varchar(16) CHARACTER SET utf8mb4 COLLATE utf8mb4_general_ci NULL DEFAULT NULL COMMENT '修改人姓名',
  `update_time` datetime NULL DEFAULT NULL ON UPDATE CURRENT_TIMESTAMP COMMENT '修改时间',
  `is_delete` tinyint(1) NULL DEFAULT 0 COMMENT '是否删除 0 未删除 1 已删除',
  `delete_by` varchar(16) CHARACTER SET utf8mb4 COLLATE utf8mb4_general_ci NULL DEFAULT NULL COMMENT '删除人编码',
  `tenant_id` bigint NOT NULL COMMENT '租户ID',
  PRIMARY KEY (`id`) USING BTREE
) ENGINE = InnoDB CHARACTER SET = utf8mb4 COLLATE = utf8mb4_general_ci COMMENT = '字典项' ROW_FORMAT = DYNAMIC;

-- ----------------------------
-- Records of sys_dict_item
-- ----------------------------
INSERT INTO `sys_dict_item` VALUES (1599033180131037186, 1599033063277727745, '0', '文件夹', NULL, NULL, NULL, NULL, NULL, NULL, NULL, 0, NULL, 1);
INSERT INTO `sys_dict_item` VALUES (1599033573409951745, 1599033063277727745, '1', '菜单', NULL, NULL, NULL, NULL, NULL, NULL, NULL, 0, NULL, 1);
INSERT INTO `sys_dict_item` VALUES (1599033675105046530, 1599033063277727745, '2', '按钮', NULL, NULL, NULL, NULL, NULL, NULL, NULL, 0, NULL, 1);
INSERT INTO `sys_dict_item` VALUES (1599033861437001729, 1599032827285213185, '1', '男', NULL, NULL, NULL, NULL, NULL, NULL, NULL, 0, NULL, 1);
INSERT INTO `sys_dict_item` VALUES (1599033925890871297, 1599032827285213185, '0', '女', NULL, NULL, NULL, NULL, NULL, NULL, NULL, 0, NULL, 1);
INSERT INTO `sys_dict_item` VALUES (1599034388589711362, 1599034133752188930, '0', ' 普通日志', NULL, NULL, NULL, NULL, NULL, NULL, NULL, 0, NULL, 1);
INSERT INTO `sys_dict_item` VALUES (1599034442968862721, 1599034133752188930, '1', ' 登录日志', NULL, NULL, NULL, NULL, NULL, NULL, NULL, 0, NULL, 1);
INSERT INTO `sys_dict_item` VALUES (1599034596094513154, 1599034233434017794, '0', '添加', NULL, NULL, NULL, NULL, NULL, NULL, NULL, 0, NULL, 1);
INSERT INTO `sys_dict_item` VALUES (1599034610313203714, 1599034233434017794, '1', '删除', NULL, NULL, NULL, NULL, NULL, NULL, NULL, 0, NULL, 1);
INSERT INTO `sys_dict_item` VALUES (1599034627035893761, 1599034233434017794, '2', '修改', NULL, NULL, NULL, NULL, NULL, NULL, NULL, 0, NULL, 1);
INSERT INTO `sys_dict_item` VALUES (1599034642189914113, 1599034233434017794, '3', '查询', NULL, NULL, NULL, NULL, NULL, NULL, NULL, 0, NULL, 1);
INSERT INTO `sys_dict_item` VALUES (1599035133351301122, 1599035056616509442, '0', '失败', NULL, NULL, NULL, NULL, NULL, NULL, NULL, 0, NULL, 1);
INSERT INTO `sys_dict_item` VALUES (1599035172446408705, 1599035056616509442, '1', ' 成功', NULL, NULL, NULL, NULL, NULL, NULL, NULL, 0, NULL, 1);
INSERT INTO `sys_dict_item` VALUES (1599035472632745985, 1599035447399813121, 'success', '正常消息', NULL, NULL, NULL, NULL, NULL, NULL, NULL, 0, NULL, 1);
INSERT INTO `sys_dict_item` VALUES (1599035484666204161, 1599035447399813121, 'warning', '警示消息', NULL, NULL, NULL, NULL, NULL, NULL, NULL, 0, NULL, 1);
INSERT INTO `sys_dict_item` VALUES (1599035496510918657, 1599035447399813121, 'info', '一般消息', NULL, NULL, NULL, NULL, NULL, NULL, NULL, 0, NULL, 1);
INSERT INTO `sys_dict_item` VALUES (1599035508733120513, 1599035447399813121, 'danger', '紧急消息', NULL, NULL, NULL, NULL, NULL, NULL, NULL, 0, NULL, 1);
INSERT INTO `sys_dict_item` VALUES (1599036005007364098, 1599035906529300481, '0', ' 通知', NULL, NULL, NULL, NULL, NULL, NULL, NULL, 0, NULL, 1);
INSERT INTO `sys_dict_item` VALUES (1599036025513316353, 1599035906529300481, '1', '公告', NULL, NULL, NULL, NULL, NULL, NULL, NULL, 0, NULL, 1);
INSERT INTO `sys_dict_item` VALUES (1599036294716329985, 1599036245466812417, '1', '开启', 'primary', NULL, NULL, NULL, NULL, NULL, NULL, 0, NULL, 1);
INSERT INTO `sys_dict_item` VALUES (1599036318925852674, 1599036245466812417, '0', '关闭', 'success', NULL, NULL, NULL, NULL, NULL, NULL, 0, NULL, 1);
INSERT INTO `sys_dict_item` VALUES (1599036529471524866, 1599036494331645953, '0', '不缓存 ', NULL, NULL, NULL, NULL, NULL, NULL, NULL, 0, NULL, 1);
INSERT INTO `sys_dict_item` VALUES (1599036549079896065, 1599036494331645953, '1', '缓存', NULL, NULL, NULL, NULL, NULL, NULL, NULL, 0, NULL, 1);
INSERT INTO `sys_dict_item` VALUES (1599036842584707074, 1599036771814215681, '0', '显示', NULL, NULL, NULL, NULL, NULL, NULL, NULL, 0, NULL, 1);
INSERT INTO `sys_dict_item` VALUES (1599036909861343234, 1599036771814215681, '1', '隐藏', NULL, NULL, NULL, NULL, NULL, NULL, NULL, 0, NULL, 1);
INSERT INTO `sys_dict_item` VALUES (1599037293560467457, 1599037134667649025, '1', '外链', NULL, NULL, NULL, NULL, NULL, NULL, NULL, 0, NULL, 1);
INSERT INTO `sys_dict_item` VALUES (1599037318663376897, 1599037134667649025, '0', '路由', NULL, NULL, NULL, NULL, NULL, NULL, NULL, 0, NULL, 1);
INSERT INTO `sys_dict_item` VALUES (1599218200087044097, 1599218032822394881, '1', '成功', NULL, NULL, NULL, NULL, NULL, NULL, NULL, 0, NULL, 1);
INSERT INTO `sys_dict_item` VALUES (1599218217967362049, 1599218032822394881, '0', '失败', NULL, NULL, NULL, NULL, NULL, NULL, NULL, 0, NULL, 1);
INSERT INTO `sys_dict_item` VALUES (1599288066458386434, 1599288041217064962, '0', '正常', 'success', NULL, NULL, NULL, NULL, NULL, NULL, 0, NULL, 1);
INSERT INTO `sys_dict_item` VALUES (1599288094061101058, 1599288041217064962, '1', '锁定', 'danger', NULL, NULL, NULL, NULL, NULL, NULL, 0, NULL, 1);
INSERT INTO `sys_dict_item` VALUES (1599293037463601154, 1599292998100058114, '1', '已读', 'primary', NULL, NULL, NULL, NULL, NULL, NULL, 0, NULL, 1);
INSERT INTO `sys_dict_item` VALUES (1599293192749318145, 1599292998100058114, '0', '未读', 'success', NULL, NULL, NULL, NULL, NULL, NULL, 0, NULL, 1);
INSERT INTO `sys_dict_item` VALUES (1601793891890614273, 1601793691449020417, 'ALL', '全部', 'primary', NULL, NULL, NULL, NULL, NULL, NULL, 0, NULL, 1);
INSERT INTO `sys_dict_item` VALUES (1601793991845072897, 1601793691449020417, 'OWN', '自己', 'success', NULL, NULL, NULL, NULL, NULL, NULL, 0, NULL, 1);
INSERT INTO `sys_dict_item` VALUES (1601794253766774785, 1601793691449020417, 'DEPT_LEVEL', '部门范围权限', 'warning', NULL, NULL, NULL, NULL, NULL, NULL, 0, NULL, 1);
INSERT INTO `sys_dict_item` VALUES (1637620045218017282, 1637619982970351618, '1', ' 执行一次（默认）', NULL, NULL, NULL, NULL, NULL, NULL, NULL, 0, NULL, 1);
INSERT INTO `sys_dict_item` VALUES (1637620093146329089, 1637619982970351618, '-1', '立刻执行', NULL, NULL, NULL, NULL, NULL, NULL, NULL, 0, NULL, 1);
INSERT INTO `sys_dict_item` VALUES (1637620131188666370, 1637619982970351618, '2', '放弃执行', NULL, NULL, NULL, NULL, NULL, NULL, NULL, 0, NULL, 1);
INSERT INTO `sys_dict_item` VALUES (1637621918473875458, 1637621879726895105, '1', '并发', 'primary', NULL, NULL, NULL, NULL, NULL, NULL, 0, NULL, 1);
INSERT INTO `sys_dict_item` VALUES (1637621961926864897, 1637621879726895105, '0', '串行', 'success', NULL, NULL, NULL, NULL, NULL, NULL, 0, NULL, 1);
INSERT INTO `sys_dict_item` VALUES (1637622141858312194, 1637622109440536577, '1', '开启', 'primary', NULL, NULL, NULL, NULL, NULL, NULL, 0, NULL, 1);
INSERT INTO `sys_dict_item` VALUES (1637622196887580673, 1637622109440536577, '0', '暂停', 'danger', NULL, NULL, NULL, NULL, NULL, NULL, 0, NULL, 1);
INSERT INTO `sys_dict_item` VALUES (1639508998309257217, 1639508202175832066, 'DEFAULT', '默认', 'primary', NULL, NULL, NULL, NULL, NULL, NULL, 0, NULL, 1);
INSERT INTO `sys_dict_item` VALUES (1639510731953512449, 1639508202175832066, 'SYSTEM', '系统', 'info', NULL, NULL, NULL, NULL, NULL, NULL, 0, NULL, 1);
INSERT INTO `sys_dict_item` VALUES (1658273848363065345, 1658030901172420609, 'refresh_token', 'refresh_token', 'primary', NULL, NULL, NULL, NULL, NULL, NULL, 0, NULL, 1);
INSERT INTO `sys_dict_item` VALUES (1658273881355460610, 1658030901172420609, 'client_credentials', 'client_credentials', 'success', NULL, NULL, NULL, NULL, NULL, NULL, 0, NULL, 1);
INSERT INTO `sys_dict_item` VALUES (1658273913035038722, 1658030901172420609, 'authorization_code', 'authorization_code', 'warning', NULL, NULL, NULL, NULL, NULL, NULL, 0, NULL, 1);
INSERT INTO `sys_dict_item` VALUES (1658273946912432130, 1658030901172420609, 'password', 'password', 'danger', NULL, NULL, NULL, NULL, NULL, NULL, 0, NULL, 1);
INSERT INTO `sys_dict_item` VALUES (1658273985827184642, 1658030901172420609, 'sms_code', 'sms_code', 'info', NULL, NULL, NULL, NULL, NULL, NULL, 0, NULL, 1);
INSERT INTO `sys_dict_item` VALUES (1658274057008717825, 1658030901172420609, 'email_code', 'email_code', 'primary', NULL, NULL, NULL, NULL, NULL, NULL, 0, NULL, 1);
INSERT INTO `sys_dict_item` VALUES (1658274486081822721, 1658030824311799809, 'client_secret_post', 'client_secret_post', NULL, NULL, NULL, NULL, NULL, NULL, NULL, 0, NULL, 1);
INSERT INTO `sys_dict_item` VALUES (1658274530675662850, 1658030824311799809, 'client_secret_jwt', 'client_secret_jwt', NULL, NULL, NULL, NULL, NULL, NULL, NULL, 0, NULL, 1);
INSERT INTO `sys_dict_item` VALUES (1658274569879822338, 1658030824311799809, 'private_key_jwt', 'private_key_jwt', NULL, NULL, NULL, NULL, NULL, NULL, NULL, 0, NULL, 1);
INSERT INTO `sys_dict_item` VALUES (1658274604130508801, 1658030824311799809, 'client_secret_basic', 'client_secret_basic', NULL, NULL, NULL, NULL, NULL, NULL, NULL, 0, NULL, 1);
INSERT INTO `sys_dict_item` VALUES (1658274676369006593, 1658030824311799809, 'none', 'none', NULL, NULL, NULL, NULL, NULL, NULL, NULL, 0, NULL, 1);
INSERT INTO `sys_dict_item` VALUES (1658274708270882817, 1658030824311799809, 'basic', 'basic', NULL, NULL, NULL, NULL, NULL, NULL, NULL, 0, NULL, 1);
INSERT INTO `sys_dict_item` VALUES (1658274853272166402, 1658030824311799809, 'post', 'post', NULL, NULL, NULL, NULL, NULL, NULL, NULL, 0, NULL, 1);
INSERT INTO `sys_dict_item` VALUES (1658274975850700801, 1658031007506415617, 'openid', 'openid', NULL, NULL, NULL, NULL, NULL, NULL, NULL, 0, NULL, 1);
INSERT INTO `sys_dict_item` VALUES (1658275001364652033, 1658031007506415617, 'profile', 'profile', NULL, NULL, NULL, NULL, NULL, NULL, NULL, 0, NULL, 1);
INSERT INTO `sys_dict_item` VALUES (1658275025167327233, 1658031007506415617, 'email', 'email', NULL, NULL, NULL, NULL, NULL, NULL, NULL, 0, NULL, 1);
INSERT INTO `sys_dict_item` VALUES (1658275048814813185, 1658031007506415617, 'address', 'address', NULL, NULL, NULL, NULL, NULL, NULL, NULL, 0, NULL, 1);
INSERT INTO `sys_dict_item` VALUES (1658275076136509441, 1658031007506415617, 'phone', 'phone', NULL, NULL, NULL, NULL, NULL, NULL, NULL, 0, NULL, 1);
INSERT INTO `sys_dict_item` VALUES (1658275140422606849, 1658031007506415617, 'user_info', 'user_info', NULL, NULL, NULL, NULL, NULL, NULL, NULL, 0, NULL, 1);
INSERT INTO `sys_dict_item` VALUES (1658275179521908738, 1658031007506415617, 'read', 'read', NULL, NULL, NULL, NULL, NULL, NULL, NULL, 0, NULL, 1);
INSERT INTO `sys_dict_item` VALUES (1658275224136720385, 1658031007506415617, 'write', 'write', NULL, NULL, NULL, NULL, NULL, NULL, NULL, 0, NULL, 1);
INSERT INTO `sys_dict_item` VALUES (1658275335071866882, 1658031392233144321, 'RS256', 'RS256', 'primary', NULL, NULL, NULL, NULL, NULL, NULL, 0, NULL, 1);
INSERT INTO `sys_dict_item` VALUES (1658275360300605442, 1658031392233144321, 'RS384', 'RS384', 'success', NULL, NULL, NULL, NULL, NULL, NULL, 0, NULL, 1);
INSERT INTO `sys_dict_item` VALUES (1658275382203260930, 1658031392233144321, 'RS512', 'RS512', 'warning', NULL, NULL, NULL, NULL, NULL, NULL, 0, NULL, 1);
INSERT INTO `sys_dict_item` VALUES (1658275403925561345, 1658031392233144321, 'ES256', 'ES256', 'danger', NULL, NULL, NULL, NULL, NULL, NULL, 0, NULL, 1);
INSERT INTO `sys_dict_item` VALUES (1658275430785884162, 1658031392233144321, 'ES384', 'ES384', 'info', NULL, NULL, NULL, NULL, NULL, NULL, 0, NULL, 1);
INSERT INTO `sys_dict_item` VALUES (1658275451379916802, 1658031392233144321, 'ES512', 'ES512', 'primary', NULL, NULL, NULL, NULL, NULL, NULL, 0, NULL, 1);
INSERT INTO `sys_dict_item` VALUES (1658275473043496962, 1658031392233144321, 'PS256', 'PS256', 'success', NULL, NULL, NULL, NULL, NULL, NULL, 0, NULL, 1);
INSERT INTO `sys_dict_item` VALUES (1658275489254481922, 1658031392233144321, 'PS384', 'PS384', 'danger', NULL, NULL, NULL, NULL, NULL, NULL, 0, NULL, 1);
INSERT INTO `sys_dict_item` VALUES (1658275510104367106, 1658031392233144321, 'PS512', 'PS512', 'info', NULL, NULL, NULL, NULL, NULL, NULL, 0, NULL, 1);
INSERT INTO `sys_dict_item` VALUES (1658275743236366338, 1658031447681843201, 'self-contained', 'JWT', NULL, NULL, NULL, NULL, NULL, NULL, NULL, 0, NULL, 1);
INSERT INTO `sys_dict_item` VALUES (1658275781895266306, 1658031447681843201, 'reference', '字符串', NULL, NULL, NULL, NULL, NULL, NULL, NULL, 0, NULL, 1);
INSERT INTO `sys_dict_item` VALUES (1658276043741470721, 1658031278974353410, 'RS256', 'RS256', NULL, NULL, NULL, NULL, NULL, NULL, NULL, 0, NULL, 1);
INSERT INTO `sys_dict_item` VALUES (1658276067271516162, 1658031278974353410, 'RS384', 'RS384', NULL, NULL, NULL, NULL, NULL, NULL, NULL, 0, NULL, 1);
INSERT INTO `sys_dict_item` VALUES (1658276093951483906, 1658031278974353410, 'RS512', 'RS512', NULL, NULL, NULL, NULL, NULL, NULL, NULL, 0, NULL, 1);
INSERT INTO `sys_dict_item` VALUES (1658276120979578882, 1658031278974353410, 'ES256', 'ES256', NULL, NULL, NULL, NULL, NULL, NULL, NULL, 0, NULL, 1);
INSERT INTO `sys_dict_item` VALUES (1658276146409644033, 1658031278974353410, 'ES384', 'ES384', NULL, NULL, NULL, NULL, NULL, NULL, NULL, 0, NULL, 1);
INSERT INTO `sys_dict_item` VALUES (1658276164621312002, 1658031278974353410, 'ES512', 'ES512', NULL, NULL, NULL, NULL, NULL, NULL, NULL, 0, NULL, 1);
INSERT INTO `sys_dict_item` VALUES (1658276184783331330, 1658031278974353410, 'PS256', 'PS256', NULL, NULL, NULL, NULL, NULL, NULL, NULL, 0, NULL, 1);
INSERT INTO `sys_dict_item` VALUES (1658276208971882498, 1658031278974353410, 'PS384', 'PS384', NULL, NULL, NULL, NULL, NULL, NULL, NULL, 0, NULL, 1);
INSERT INTO `sys_dict_item` VALUES (1658276255755149313, 1658031278974353410, 'PS512', 'PS512', NULL, NULL, NULL, NULL, NULL, NULL, NULL, 0, NULL, 1);
INSERT INTO `sys_dict_item` VALUES (1658303476360396801, 1658303277953040385, 'http://www.baidu.com', 'http://www.baidu.com', NULL, NULL, NULL, NULL, NULL, NULL, NULL, 0, NULL, 1);
INSERT INTO `sys_dict_item` VALUES (1658303552222773249, 1658303277953040385, 'http://127.0.0.1:8080/authorized', 'http://127.0.0.1:8080/authorized', NULL, NULL, NULL, NULL, NULL, NULL, NULL, 0, NULL, 1);
INSERT INTO `sys_dict_item` VALUES (1658303639636262913, 1658303277953040385, 'http://127.0.0.1:8080/login/oauth2/code/breeze-oidc', 'http://127.0.0.1:8080/login/oauth2/code/breeze-oidc', NULL, NULL, NULL, NULL, NULL, NULL, NULL, 0, NULL, 1);
INSERT INTO `sys_dict_item` VALUES (1659034973417574401, 1658303277953040385, 'http://127.0.0.1:8070/login/oauth2/code/breeze-pkce', 'http://127.0.0.1:8070/login/oauth2/code/breeze-pkce', NULL, NULL, NULL, NULL, NULL, NULL, NULL, 0, NULL, 1);
INSERT INTO `sys_dict_item` VALUES (1764516521943339010, 1764226737312161793, '1', '成功', 'primary', NULL, NULL, NULL, NULL, NULL, NULL, 0, NULL, 1);
INSERT INTO `sys_dict_item` VALUES (1764516593724657665, 1764226737312161793, '0', '失败', 'danger', NULL, NULL, NULL, NULL, NULL, NULL, 0, NULL, 1);
INSERT INTO `sys_dict_item` VALUES (1807339456084942850, 1807339348534599681, '1', '启用', 'primary', NULL, NULL, NULL, NULL, NULL, NULL, 0, NULL, 1);
INSERT INTO `sys_dict_item` VALUES (1807339550830075906, 1807339348534599681, '2', '暂停', 'warning', NULL, NULL, NULL, NULL, NULL, NULL, 0, NULL, 1);

-- ----------------------------
-- Table structure for sys_email
-- ----------------------------
DROP TABLE IF EXISTS `sys_email`;
CREATE TABLE `sys_email`  (
  `id` bigint NOT NULL COMMENT '主键ID',
  `smtp_host` varchar(125) CHARACTER SET utf8mb4 COLLATE utf8mb4_general_ci NULL DEFAULT NULL,
  `port` varchar(125) CHARACTER SET utf8mb4 COLLATE utf8mb4_general_ci NULL DEFAULT NULL,
  `username` varchar(125) CHARACTER SET utf8mb4 COLLATE utf8mb4_general_ci NULL DEFAULT NULL,
  `password` varchar(125) CHARACTER SET utf8mb4 COLLATE utf8mb4_general_ci NULL DEFAULT NULL,
  `encoding` varchar(125) CHARACTER SET utf8mb4 COLLATE utf8mb4_general_ci NULL DEFAULT NULL,
  `smtp_socket_factory_class` varchar(125) CHARACTER SET utf8mb4 COLLATE utf8mb4_general_ci NULL DEFAULT NULL,
  `smtp_debug` varchar(4) CHARACTER SET utf8mb4 COLLATE utf8mb4_general_ci NULL DEFAULT NULL,
  `auth` varchar(4) CHARACTER SET utf8mb4 COLLATE utf8mb4_general_ci NULL DEFAULT NULL,
  `protocol` varchar(25) CHARACTER SET utf8mb4 COLLATE utf8mb4_general_ci NULL DEFAULT NULL,
  `ssl` varchar(4) CHARACTER SET utf8mb4 COLLATE utf8mb4_general_ci NULL DEFAULT NULL,
  `status` tinyint NULL DEFAULT 1,
  `create_by` varchar(16) CHARACTER SET utf8mb4 COLLATE utf8mb4_general_ci NULL DEFAULT NULL COMMENT '创建人编码',
  `create_name` varchar(16) CHARACTER SET utf8mb4 COLLATE utf8mb4_general_ci NULL DEFAULT NULL COMMENT '创建人姓名',
  `create_time` datetime NULL DEFAULT CURRENT_TIMESTAMP COMMENT '创建时间',
  `update_by` varchar(16) CHARACTER SET utf8mb4 COLLATE utf8mb4_general_ci NULL DEFAULT NULL COMMENT '修改人编码',
  `update_name` varchar(16) CHARACTER SET utf8mb4 COLLATE utf8mb4_general_ci NULL DEFAULT NULL COMMENT '修改人姓名',
  `update_time` datetime NULL DEFAULT NULL ON UPDATE CURRENT_TIMESTAMP COMMENT '修改时间',
  `is_delete` tinyint(1) NULL DEFAULT 0 COMMENT '是否删除 0 未删除 1 已删除',
  `delete_by` varchar(16) CHARACTER SET utf8mb4 COLLATE utf8mb4_general_ci NULL DEFAULT NULL COMMENT '删除人编码',
  `tenant_id` bigint NOT NULL DEFAULT 0 COMMENT '租户ID',
  PRIMARY KEY (`id`) USING BTREE
) ENGINE = InnoDB CHARACTER SET = utf8mb4 COLLATE = utf8mb4_general_ci COMMENT = '邮箱消息' ROW_FORMAT = DYNAMIC;

-- ----------------------------
-- Records of sys_email
-- ----------------------------
INSERT INTO `sys_email` VALUES (1, 'smtp.qq.com', '587', '1900381390@qq.com', 'szjpgggfodojccah', 'UTF-8', 'javax.net.ssl.SSLSocketFactory', 'true', 'true', 'smtp', 'true', 1, NULL, NULL, NULL, NULL, NULL, NULL, 0, NULL, 0);

-- ----------------------------
-- Table structure for sys_email_subject
-- ----------------------------
DROP TABLE IF EXISTS `sys_email_subject`;
CREATE TABLE `sys_email_subject`  (
  `id` bigint NOT NULL COMMENT '主键ID',
  `subject` varchar(125) CHARACTER SET utf8mb4 COLLATE utf8mb4_general_ci NULL DEFAULT NULL,
  `content` varchar(125) CHARACTER SET utf8mb4 COLLATE utf8mb4_general_ci NULL DEFAULT NULL,
  `to` varchar(1000) CHARACTER SET utf8mb4 COLLATE utf8mb4_general_ci NULL DEFAULT NULL,
  `cc` varchar(1000) CHARACTER SET utf8mb4 COLLATE utf8mb4_general_ci NULL DEFAULT NULL,
  `status` tinyint NULL DEFAULT 1,
  `create_by` varchar(16) CHARACTER SET utf8mb4 COLLATE utf8mb4_general_ci NULL DEFAULT NULL COMMENT '创建人编码',
  `create_name` varchar(16) CHARACTER SET utf8mb4 COLLATE utf8mb4_general_ci NULL DEFAULT NULL COMMENT '创建人姓名',
  `create_time` datetime NULL DEFAULT CURRENT_TIMESTAMP COMMENT '创建时间',
  `update_by` varchar(16) CHARACTER SET utf8mb4 COLLATE utf8mb4_general_ci NULL DEFAULT NULL COMMENT '修改人编码',
  `update_name` varchar(16) CHARACTER SET utf8mb4 COLLATE utf8mb4_general_ci NULL DEFAULT NULL COMMENT '修改人姓名',
  `update_time` datetime NULL DEFAULT NULL ON UPDATE CURRENT_TIMESTAMP COMMENT '修改时间',
  `is_delete` tinyint(1) NULL DEFAULT 0 COMMENT '是否删除 0 未删除 1 已删除',
  `delete_by` varchar(16) CHARACTER SET utf8mb4 COLLATE utf8mb4_general_ci NULL DEFAULT NULL COMMENT '删除人编码',
  `tenant_id` bigint NOT NULL DEFAULT 0 COMMENT '租户ID',
  PRIMARY KEY (`id`) USING BTREE
) ENGINE = InnoDB CHARACTER SET = utf8mb4 COLLATE = utf8mb4_general_ci COMMENT = '邮箱消息' ROW_FORMAT = DYNAMIC;

-- ----------------------------
-- Records of sys_email_subject
-- ----------------------------
INSERT INTO `sys_email_subject` VALUES (1812002763429498882, '测试邮箱', '你好世界', '1111111111111111111', '1111111111111111112', 1, NULL, NULL, NULL, NULL, NULL, NULL, 0, NULL, 0);

-- ----------------------------
-- Table structure for sys_file
-- ----------------------------
DROP TABLE IF EXISTS `sys_file`;
CREATE TABLE `sys_file`  (
  `id` bigint NOT NULL COMMENT '主键ID',
  `name` varchar(128) CHARACTER SET utf8mb4 COLLATE utf8mb4_general_ci NULL DEFAULT NULL COMMENT '文件名称',
  `format` varchar(255) CHARACTER SET utf8mb4 COLLATE utf8mb4_general_ci NULL DEFAULT NULL COMMENT '文件扩展名',
  `content_type` varchar(128) CHARACTER SET utf8mb4 COLLATE utf8mb4_general_ci NULL DEFAULT NULL COMMENT '上传格式',
  `bucket` varchar(128) CHARACTER SET utf8mb4 COLLATE utf8mb4_general_ci NULL DEFAULT NULL COMMENT '桶',
  `object_name` varchar(128) CHARACTER SET utf8mb4 COLLATE utf8mb4_general_ci NULL DEFAULT NULL COMMENT '对象名称',
  `path` varchar(255) CHARACTER SET utf8mb4 COLLATE utf8mb4_general_ci NULL DEFAULT NULL COMMENT '存储的路径',
  `biz_id` bigint NULL DEFAULT NULL COMMENT '业务ID',
  `biz_type` varchar(128) CHARACTER SET utf8mb4 COLLATE utf8mb4_general_ci NULL DEFAULT NULL COMMENT '业务类型',
  `store_type` tinyint(1) NOT NULL COMMENT '存储方式 0 本地 1 minio',
  `create_by` varchar(16) CHARACTER SET utf8mb4 COLLATE utf8mb4_general_ci NULL DEFAULT NULL COMMENT '创建人编码',
  `create_name` varchar(16) CHARACTER SET utf8mb4 COLLATE utf8mb4_general_ci NULL DEFAULT NULL COMMENT '创建人姓名',
  `create_time` datetime NULL DEFAULT CURRENT_TIMESTAMP COMMENT '创建时间',
  `update_by` varchar(16) CHARACTER SET utf8mb4 COLLATE utf8mb4_general_ci NULL DEFAULT NULL COMMENT '修改人编码',
  `update_name` varchar(16) CHARACTER SET utf8mb4 COLLATE utf8mb4_general_ci NULL DEFAULT NULL COMMENT '修改人姓名',
  `update_time` datetime NULL DEFAULT NULL ON UPDATE CURRENT_TIMESTAMP COMMENT '修改时间',
  `is_delete` tinyint(1) NULL DEFAULT 0 COMMENT '是否删除 0 未删除 1 已删除',
  `delete_by` varchar(16) CHARACTER SET utf8mb4 COLLATE utf8mb4_general_ci NULL DEFAULT NULL COMMENT '删除人编码',
  `tenant_id` bigint NOT NULL COMMENT '租户ID',
  PRIMARY KEY (`id`) USING BTREE
) ENGINE = InnoDB CHARACTER SET = utf8mb4 COLLATE = utf8mb4_general_ci COMMENT = '文件' ROW_FORMAT = DYNAMIC;

-- ----------------------------
-- Records of sys_file
-- ----------------------------

-- ----------------------------
-- Table structure for sys_log
-- ----------------------------
DROP TABLE IF EXISTS `sys_log`;
CREATE TABLE `sys_log`  (
  `id` bigint NOT NULL COMMENT '主键ID',
  `system_module` varchar(32) CHARACTER SET utf8mb4 COLLATE utf8mb4_general_ci NULL DEFAULT NULL COMMENT '系统模块',
  `log_title` varchar(128) CHARACTER SET utf8mb4 COLLATE utf8mb4_general_ci NULL DEFAULT NULL COMMENT '日志标题',
  `log_type` tinyint(1) NULL DEFAULT 0 COMMENT '日志类型 0 普通日志 1 登录日志',
  `request_type` varchar(8) CHARACTER SET utf8mb4 COLLATE utf8mb4_general_ci NULL DEFAULT NULL COMMENT '请求类型  GET  POST  PUT DELETE ',
  `ip` varchar(32) CHARACTER SET utf8mb4 COLLATE utf8mb4_general_ci NULL DEFAULT NULL COMMENT 'IP',
  `do_type` tinyint(1) NULL DEFAULT 3 COMMENT '操作类型 0 添加 1 删除 2 修改 3 查询 4 doLogin',
  `browser` varchar(32) CHARACTER SET utf8mb4 COLLATE utf8mb4_general_ci NULL DEFAULT NULL COMMENT '浏览器名称',
  `system` varchar(255) CHARACTER SET utf8mb4 COLLATE utf8mb4_general_ci NULL DEFAULT NULL COMMENT '操作系统类型',
  `param_content` text CHARACTER SET utf8mb4 COLLATE utf8mb4_general_ci NULL COMMENT '入参',
  `result` tinyint(1) NULL DEFAULT 0 COMMENT '结果 0 失败 1 成功',
  `result_msg` varchar(10000) CHARACTER SET utf8mb4 COLLATE utf8mb4_general_ci NULL DEFAULT NULL COMMENT '结果信息',
  `time` varchar(12) CHARACTER SET utf8mb4 COLLATE utf8mb4_general_ci NULL DEFAULT NULL COMMENT '用时',
  `create_by` varchar(16) CHARACTER SET utf8mb4 COLLATE utf8mb4_general_ci NULL DEFAULT NULL COMMENT '创建人编码',
  `create_name` varchar(16) CHARACTER SET utf8mb4 COLLATE utf8mb4_general_ci NULL DEFAULT NULL COMMENT '创建人姓名',
  `create_time` datetime NULL DEFAULT CURRENT_TIMESTAMP COMMENT '创建时间',
  `tenant_id` bigint NOT NULL COMMENT '租户ID',
  PRIMARY KEY (`id`) USING BTREE
) ENGINE = InnoDB CHARACTER SET = utf8mb4 COLLATE = utf8mb4_general_ci COMMENT = '日志' ROW_FORMAT = DYNAMIC;

-- ----------------------------
-- Records of sys_log
-- ----------------------------

-- ----------------------------
-- Table structure for sys_log_auditing
-- ----------------------------
DROP TABLE IF EXISTS `sys_log_auditing`;
CREATE TABLE `sys_log_auditing`  (
  `id` bigint NOT NULL AUTO_INCREMENT COMMENT '主键ID',
  `log_id` bigint NULL DEFAULT NULL COMMENT '日志ID',
  `column` varchar(255) CHARACTER SET utf8mb4 COLLATE utf8mb4_general_ci NULL DEFAULT NULL COMMENT '修改的字段名',
  `previous` varchar(255) CHARACTER SET utf8mb4 COLLATE utf8mb4_general_ci NULL DEFAULT NULL COMMENT '上一次的值',
  `now` varchar(255) CHARACTER SET utf8mb4 COLLATE utf8mb4_general_ci NULL DEFAULT NULL COMMENT '当前值',
  `edit_time` datetime NULL DEFAULT NULL COMMENT '修改时间',
  `status` tinyint(1) NULL DEFAULT NULL COMMENT '状态',
  `batch` varchar(128) CHARACTER SET utf8mb4 COLLATE utf8mb4_general_ci NULL DEFAULT NULL COMMENT '修改批次',
  `update_by` varchar(16) CHARACTER SET utf8mb4 COLLATE utf8mb4_general_ci NULL DEFAULT NULL COMMENT '修改人编码',
  `update_name` varchar(16) CHARACTER SET utf8mb4 COLLATE utf8mb4_general_ci NULL DEFAULT NULL COMMENT '修改人姓名',
  `update_time` datetime NULL DEFAULT NULL ON UPDATE CURRENT_TIMESTAMP COMMENT '修改时间',
  `is_delete` tinyint(1) NULL DEFAULT 0 COMMENT '是否删除 0 未删除 1 已删除',
  `delete_by` varchar(16) CHARACTER SET utf8mb4 COLLATE utf8mb4_general_ci NULL DEFAULT NULL COMMENT '删除人编码',
  `tenant_id` bigint NOT NULL COMMENT '租户ID',
  PRIMARY KEY (`id`) USING BTREE
) ENGINE = InnoDB CHARACTER SET = utf8mb4 COLLATE = utf8mb4_general_ci COMMENT = '审计日志' ROW_FORMAT = DYNAMIC;

-- ----------------------------
-- Records of sys_log_auditing
-- ----------------------------

-- ----------------------------
-- Table structure for sys_menu
-- ----------------------------
DROP TABLE IF EXISTS `sys_menu`;
CREATE TABLE `sys_menu`  (
  `id` bigint NOT NULL DEFAULT 1111111111111111111 COMMENT '主键ID',
  `platform_id` bigint NULL DEFAULT NULL COMMENT '平台ID',
  `parent_id` bigint NULL DEFAULT 0 COMMENT '上一级的菜单ID',
  `title` varchar(32) CHARACTER SET utf8mb4 COLLATE utf8mb4_general_ci NULL DEFAULT NULL COMMENT '标题',
  `name` varchar(32) CHARACTER SET utf8mb4 COLLATE utf8mb4_general_ci NULL DEFAULT '' COMMENT '组件名称',
  `type` tinyint(1) NULL DEFAULT 0 COMMENT '类型 0 文件夹 1 菜单 2 按钮',
  `icon` varchar(32) CHARACTER SET utf8mb4 COLLATE utf8mb4_general_ci NULL DEFAULT NULL COMMENT '图标',
  `path` varchar(64) CHARACTER SET utf8mb4 COLLATE utf8mb4_general_ci NULL DEFAULT NULL COMMENT '菜单路径',
  `component` varchar(64) CHARACTER SET utf8mb4 COLLATE utf8mb4_general_ci NULL DEFAULT NULL COMMENT '组件路径',
  `permission` varchar(128) CHARACTER SET utf8mb4 COLLATE utf8mb4_general_ci NULL DEFAULT NULL COMMENT '权限标识',
  `href` tinyint(1) NULL DEFAULT 0 COMMENT '是否外链 0 路由 1 外链',
  `keep_alive` tinyint(1) NULL DEFAULT 0 COMMENT '是否缓存 0 不缓存 1 缓存',
  `hidden` tinyint(1) NULL DEFAULT 1 COMMENT '是否隐藏 1 隐藏 0 显示',
  `sort` int NULL DEFAULT NULL COMMENT '顺序',
  `create_by` varchar(16) CHARACTER SET utf8mb4 COLLATE utf8mb4_general_ci NULL DEFAULT NULL COMMENT '创建人编码',
  `create_name` varchar(16) CHARACTER SET utf8mb4 COLLATE utf8mb4_general_ci NULL DEFAULT NULL COMMENT '创建人姓名',
  `create_time` datetime NULL DEFAULT CURRENT_TIMESTAMP COMMENT '创建时间',
  `update_by` varchar(16) CHARACTER SET utf8mb4 COLLATE utf8mb4_general_ci NULL DEFAULT NULL COMMENT '修改人编码',
  `update_name` varchar(16) CHARACTER SET utf8mb4 COLLATE utf8mb4_general_ci NULL DEFAULT NULL COMMENT '修改人名称',
  `update_time` datetime NULL DEFAULT NULL ON UPDATE CURRENT_TIMESTAMP COMMENT '修改时间',
  `is_delete` tinyint(1) NULL DEFAULT 0 COMMENT '是否删除 0 未删除 1 已删除',
  `delete_by` varchar(16) CHARACTER SET utf8mb4 COLLATE utf8mb4_general_ci NULL DEFAULT NULL COMMENT '删除人编码',
  `tenant_id` bigint NOT NULL COMMENT '租户ID',
  PRIMARY KEY (`id`) USING BTREE
) ENGINE = InnoDB CHARACTER SET = utf8mb4 COLLATE = utf8mb4_general_ci COMMENT = '菜单' ROW_FORMAT = DYNAMIC;

-- ----------------------------
-- Records of sys_menu
-- ----------------------------
INSERT INTO `sys_menu` VALUES (1578702340612321378, 1111111111111111111, 1594135789623184129, '任务日志', 'JLog', 1, 'el-icon-s-comment', '/jLog', '/system/job/jlog/index', 'sys:jLog:list', 0, 0, 1, 6, NULL, NULL, NULL, NULL, NULL, NULL, 0, NULL, 1);
INSERT INTO `sys_menu` VALUES (1578702340612325378, 1111111111111111111, 1637297406628823041, '日志管理', 'Log', 1, 'log', '/log', '/system/log/index', 'sys:log:list', 0, 0, 0, 9, NULL, NULL, NULL, NULL, NULL, NULL, 0, NULL, 1);
INSERT INTO `sys_menu` VALUES (1578702340620713987, 1111111111111111111, 1578702340683628545, '修改', '', 2, NULL, NULL, NULL, 'auth:user:modify', 0, 0, 0, 5, NULL, NULL, NULL, NULL, NULL, NULL, 0, NULL, 1);
INSERT INTO `sys_menu` VALUES (1578702340620713988, 1111111111111111111, 1578702340683628545, '删除', '', 2, NULL, NULL, NULL, 'auth:user:delete', 0, 0, 0, 3, NULL, NULL, NULL, NULL, NULL, NULL, 0, NULL, 1);
INSERT INTO `sys_menu` VALUES (1578702340624908290, 1111111111111111111, 1578702340683628545, '添加', '', 2, NULL, NULL, NULL, 'auth:user:create', 0, 0, 0, 2, NULL, NULL, NULL, NULL, NULL, NULL, 0, NULL, 1);
INSERT INTO `sys_menu` VALUES (1578702340624908291, 1111111111111111111, 1578702340683628546, '修改', '', 2, NULL, NULL, NULL, 'auth:menu:modify', 0, 0, 0, 2, NULL, NULL, NULL, NULL, NULL, NULL, 0, NULL, 1);
INSERT INTO `sys_menu` VALUES (1578702340624908292, 1111111111111111111, 1578702340683628546, '删除', '', 2, NULL, NULL, NULL, 'auth:menu:delete', 0, 0, 0, 3, NULL, NULL, NULL, NULL, NULL, NULL, 0, NULL, 1);
INSERT INTO `sys_menu` VALUES (1578702340624908293, 1111111111111111111, 1578702340683628546, '添加', '', 2, NULL, NULL, NULL, 'auth:menu:create', 0, 0, 0, 1, NULL, NULL, NULL, NULL, NULL, NULL, 0, NULL, 1);
INSERT INTO `sys_menu` VALUES (1578702340633296898, 1111111111111111111, 1578702340662657026, '删除', '', 2, NULL, NULL, NULL, 'auth:dept:delete', 0, 0, 0, 3, NULL, NULL, NULL, NULL, NULL, NULL, 0, NULL, 1);
INSERT INTO `sys_menu` VALUES (1578702340633296899, 1111111111111111111, 1578702340662657026, '添加', '', 2, NULL, NULL, NULL, 'auth:dept:create', 0, 0, 0, 2, NULL, NULL, NULL, NULL, NULL, NULL, 0, NULL, 1);
INSERT INTO `sys_menu` VALUES (1578702340641685505, 1111111111111111111, 1578702340654268418, '修改', '', 2, NULL, NULL, NULL, 'auth:role:modify', 0, 0, 0, 2, NULL, NULL, NULL, NULL, NULL, NULL, 0, NULL, 1);
INSERT INTO `sys_menu` VALUES (1578702340641685506, 1111111111111111111, 1578702340654268418, '删除', '', 2, NULL, NULL, NULL, 'auth:role:delete', 0, 0, 0, 3, NULL, NULL, NULL, NULL, NULL, NULL, 0, NULL, 1);
INSERT INTO `sys_menu` VALUES (1578702340650074114, 1111111111111111111, 1578702340654268418, '添加', '', 2, NULL, NULL, NULL, 'auth:role:create', 0, 0, 0, 1, NULL, NULL, NULL, NULL, NULL, NULL, 0, NULL, 1);
INSERT INTO `sys_menu` VALUES (1578702340650074115, 1111111111111111111, 1578702340662657027, '修改', '', 2, NULL, NULL, NULL, 'sys:dict:modify', 0, 0, 0, 1, NULL, NULL, NULL, NULL, NULL, NULL, 0, NULL, 1);
INSERT INTO `sys_menu` VALUES (1578702340650074116, 1111111111111111111, 1578702340662657027, '删除', '', 2, NULL, NULL, NULL, 'sys:dict:delete', 0, 0, 0, 2, NULL, NULL, NULL, NULL, NULL, NULL, 0, NULL, 1);
INSERT INTO `sys_menu` VALUES (1578702340650074117, 1111111111111111111, 1578702340662657027, '添加', '', 2, NULL, NULL, NULL, 'sys:dict:create', 0, 0, 0, 3, NULL, NULL, NULL, NULL, NULL, NULL, 0, NULL, 1);
INSERT INTO `sys_menu` VALUES (1578702340654268411, 1111111111111111111, 1578702340612325378, '清空表', '', 2, NULL, NULL, NULL, 'sys:log:truncate', 0, 0, 0, 1, NULL, NULL, NULL, NULL, NULL, NULL, 0, NULL, 1);
INSERT INTO `sys_menu` VALUES (1578702340654268412, 1111111111111111111, 1578702340666851329, '租户管理', 'Tenant', 1, 'tenant', '/tenant', '/auth/tenant/index', 'auth:tenant:list', 0, 0, 0, 10, NULL, NULL, NULL, NULL, NULL, NULL, 0, NULL, 1);
INSERT INTO `sys_menu` VALUES (1578702340654268416, 1111111111111111111, 1578702340666851329, '岗位管理', 'Post', 1, 'post', '/post', '/auth/post/index', 'auth:post:list', 0, 0, 0, 4, NULL, NULL, NULL, NULL, NULL, NULL, 0, NULL, 1);
INSERT INTO `sys_menu` VALUES (1578702340654268417, 1111111111111111111, 1578702340612325378, '删除', '', 2, NULL, NULL, NULL, 'sys:log:delete', 0, 0, 0, 2, NULL, NULL, NULL, NULL, NULL, NULL, 0, NULL, 1);
INSERT INTO `sys_menu` VALUES (1578702340654268418, 1111111111111111111, 1578702340666851329, '角色管理', 'Role', 1, 'role', '/role', '/auth/role/index', 'auth:role:list', 0, 0, 0, 5, NULL, NULL, NULL, NULL, NULL, NULL, 0, NULL, 1);
INSERT INTO `sys_menu` VALUES (1578702340662657026, 1111111111111111111, 1578702340666851329, '部门管理', 'Dept', 1, 'dept', '/dept', '/auth/dept/index', 'auth:dept:list', 0, 0, 0, 9, NULL, NULL, NULL, NULL, NULL, NULL, 0, NULL, 1);
INSERT INTO `sys_menu` VALUES (1578702340662657027, 1111111111111111111, 1637297406628823041, '字典管理', 'Dict', 1, 'dict', '/dict', '/system/dict/index', 'sys:dict:list', 0, 0, 0, 6, NULL, NULL, NULL, NULL, NULL, NULL, 0, NULL, 1);
INSERT INTO `sys_menu` VALUES (1578702340666851329, 1111111111111111111, 1111111111111111111, '权限管理', '', 0, 'auth', '/auth', '', '', 0, 0, 0, 1, NULL, NULL, NULL, NULL, NULL, NULL, 0, NULL, 1);
INSERT INTO `sys_menu` VALUES (1578702340671045634, 1111111111111111111, 1578702340666851329, '平台管理', 'Platform', 1, 'platform', '/platform', '/auth/platform/index', 'auth:platform:list', 0, 0, 0, 1, NULL, NULL, NULL, NULL, NULL, NULL, 0, NULL, 1);
INSERT INTO `sys_menu` VALUES (1578702340671045635, 1111111111111111111, 1578702340671045634, '添加', '', 2, NULL, NULL, NULL, 'auth:platform:create', 0, 0, 0, 1, NULL, NULL, NULL, NULL, NULL, NULL, 0, NULL, 1);
INSERT INTO `sys_menu` VALUES (1578702340679434241, 1111111111111111111, 1578702340671045634, '修改', '', 2, NULL, NULL, NULL, 'auth:platform:modify', 0, 0, 0, 2, NULL, NULL, NULL, NULL, NULL, NULL, 0, NULL, 1);
INSERT INTO `sys_menu` VALUES (1578702340679434243, 1111111111111111111, 1578702340671045634, '删除', '', 2, NULL, NULL, NULL, 'auth:platform:delete', 0, 0, 0, 3, NULL, NULL, NULL, NULL, NULL, NULL, 0, NULL, 1);
INSERT INTO `sys_menu` VALUES (1578702340683628545, 1111111111111111111, 1578702340666851329, '用户管理', 'User', 1, 'user', '/user', '/auth/user/index', 'auth:user:list', 0, 0, 0, 2, NULL, NULL, NULL, NULL, NULL, NULL, 0, NULL, 1);
INSERT INTO `sys_menu` VALUES (1578702340683628546, 1111111111111111111, 1578702340666851329, '菜单管理', 'Menu', 1, 'menu', '/menu', '/auth/menu/index', 'auth:menu:list', 0, 0, 0, 3, NULL, NULL, NULL, NULL, NULL, NULL, 0, NULL, 1);
INSERT INTO `sys_menu` VALUES (1580357263003439106, 1111111111111111111, 1111111111111111111, '流程管理', '', 0, 'bpm_manage', '/bpm', NULL, NULL, 0, 0, 0, 4, NULL, NULL, NULL, NULL, NULL, NULL, 0, NULL, 1);
INSERT INTO `sys_menu` VALUES (1580357773622202370, 1111111111111111111, 1580357263003439106, '流程分类', 'Category', 1, 'bpm_category', '/category', '/bpm/def/category/index', 'bpm:category:list', 0, 0, 0, 1, NULL, NULL, NULL, NULL, NULL, NULL, 0, NULL, 1);
INSERT INTO `sys_menu` VALUES (1581843318345035778, 1111111111111111111, 1578702340662657026, '修改', '', 2, NULL, NULL, NULL, 'auth:dept:modify', 0, 0, 0, 1, NULL, NULL, NULL, NULL, NULL, NULL, 0, NULL, 1);
INSERT INTO `sys_menu` VALUES (1581965904601088001, 1111111111111111111, 1581966349440581634, '测试KeepAive', 'KeepAlive', 1, 'client', '/keepAlive', '/test/keepalive/index', 'keep:create', 0, 1, 0, 2, NULL, NULL, NULL, NULL, NULL, NULL, 0, NULL, 1);
INSERT INTO `sys_menu` VALUES (1581965904601088002, 1111111111111111111, 1581966349440581634, '测试外部链接', '', 1, 'icon-test', 'http://ww.baidu.com', NULL, NULL, 1, 0, 0, 3, NULL, NULL, NULL, NULL, NULL, NULL, 0, NULL, 1);
INSERT INTO `sys_menu` VALUES (1581966349440581634, 1111111111111111111, 1111111111111111111, '相关测试', '', 0, 'icon-test', '/test', NULL, NULL, 0, 0, 0, 8, NULL, NULL, NULL, NULL, NULL, NULL, 0, NULL, 1);
INSERT INTO `sys_menu` VALUES (1582554585967800321, 1111111111111111111, 1111111111111111111, '监控平台', '', 0, 'monitor', '/monitor', NULL, NULL, 0, 0, 0, 7, NULL, NULL, NULL, NULL, NULL, NULL, 0, NULL, 1);
INSERT INTO `sys_menu` VALUES (1582555155344568321, 1111111111111111111, 1582554585967800321, 'swagger', '', 1, 'swagger', 'http://localhost:9000/doc.html#/home', NULL, NULL, 1, 0, 0, 1, NULL, NULL, NULL, NULL, NULL, NULL, 0, NULL, 1);
INSERT INTO `sys_menu` VALUES (1582558188828790785, 1111111111111111111, 1582554585967800321, '德鲁伊', '', 1, 'durid', 'http://localhost:9000/druid/login.html', NULL, NULL, 1, 0, 0, 2, NULL, NULL, NULL, NULL, NULL, NULL, 0, NULL, 1);
INSERT INTO `sys_menu` VALUES (1582607135668621314, 1111111111111111111, 1581966349440581634, '掘金', '', 1, 'icon-test', 'https://juejin.cn/', NULL, NULL, 1, 0, 0, 1, NULL, NULL, NULL, NULL, NULL, NULL, 0, NULL, 1);
INSERT INTO `sys_menu` VALUES (1586717542633123841, 1111111111111111111, 1578702340683628545, '角色分配', 'UserRole', 1, NULL, '/userRole', '/auth/user/role/index', 'auth:role:list', 0, 1, 1, 1, NULL, NULL, NULL, NULL, NULL, NULL, 0, NULL, 1);
INSERT INTO `sys_menu` VALUES (1586717542633123843, 1111111111111111111, 1578702340662657027, '字典项', 'DictItem', 1, NULL, '/dictItem', '/system/dict/item/index', 'sys:item:list', 0, 0, 1, 4, NULL, NULL, NULL, NULL, NULL, NULL, 0, NULL, 1);
INSERT INTO `sys_menu` VALUES (1587692336744742913, 1111111111111111111, 1578702340683628545, '详情', '', 2, NULL, NULL, NULL, 'auth:user:info', 0, 0, 0, 4, NULL, NULL, NULL, NULL, NULL, NULL, 0, NULL, 1);
INSERT INTO `sys_menu` VALUES (1589181822230018781, 1111111111111111111, 9223372036854775119, '修改', '', 2, NULL, NULL, NULL, 'sys:msg:modify', 0, 0, 0, 2, NULL, NULL, NULL, NULL, NULL, NULL, 0, NULL, 1);
INSERT INTO `sys_menu` VALUES (1589181822230018782, 1111111111111111111, 9223372036854775120, '修改', '', 2, NULL, NULL, NULL, 'sys:msgUser:modify', 0, 0, 0, 1, NULL, NULL, NULL, NULL, NULL, NULL, 0, NULL, 1);
INSERT INTO `sys_menu` VALUES (1589181822230048172, 1111111111111111111, 9223372036854775119, '删除', '', 2, NULL, NULL, NULL, 'sys:msg:delete', 0, 0, 0, 3, NULL, NULL, NULL, NULL, NULL, NULL, 0, NULL, 1);
INSERT INTO `sys_menu` VALUES (1589181822230048178, 1111111111111111111, 9223372036854775120, '删除', '', 2, NULL, NULL, NULL, 'sys:msgUser:delete', 0, 0, 0, 2, NULL, NULL, NULL, NULL, NULL, NULL, 0, NULL, 1);
INSERT INTO `sys_menu` VALUES (1589181822230048770, 1111111111111111111, 1578702340654268416, '添加', '', 2, NULL, NULL, NULL, 'auth:post:create', 0, 0, 0, 1, NULL, NULL, NULL, NULL, NULL, NULL, 0, NULL, 1);
INSERT INTO `sys_menu` VALUES (1589181822230048771, 1111111111111111111, 1578702340654268416, '修改', '', 2, NULL, NULL, NULL, 'auth:post:modify', 0, 0, 0, 2, NULL, NULL, NULL, NULL, NULL, NULL, 0, NULL, 1);
INSERT INTO `sys_menu` VALUES (1589181822230048772, 1111111111111111111, 1578702340654268416, '删除', '', 2, NULL, NULL, NULL, 'auth:post:delete', 0, 0, 0, 3, NULL, NULL, NULL, NULL, NULL, NULL, 0, NULL, 1);
INSERT INTO `sys_menu` VALUES (1589181822230048778, 1111111111111111111, 1594135789623984129, '删除', '', 2, NULL, NULL, NULL, 'sys:file:delete', 0, 0, 0, 4, NULL, NULL, NULL, NULL, NULL, NULL, 0, NULL, 1);
INSERT INTO `sys_menu` VALUES (1589181822230048781, 1111111111111111111, 1578702340654268412, '添加', '', 2, NULL, NULL, NULL, 'auth:tenant:create', 0, 0, 0, 1, NULL, NULL, NULL, NULL, NULL, NULL, 0, NULL, 1);
INSERT INTO `sys_menu` VALUES (1589181822230048782, 1111111111111111111, 1578702340654268412, '修改', '', 2, NULL, NULL, NULL, 'auth:tenant:modify', 0, 0, 0, 2, NULL, NULL, NULL, NULL, NULL, NULL, 0, NULL, 1);
INSERT INTO `sys_menu` VALUES (1589181822230048783, 1111111111111111111, 1578702340654268412, '详情', '', 2, NULL, NULL, NULL, 'auth:tenant:info', 0, 0, 0, 3, NULL, NULL, NULL, NULL, NULL, NULL, 0, NULL, 1);
INSERT INTO `sys_menu` VALUES (1589181822230049781, 1111111111111111111, 9223372036854775119, '添加', '', 2, NULL, NULL, NULL, 'sys:msg:create', 0, 0, 0, 1, NULL, NULL, NULL, NULL, NULL, NULL, 0, NULL, 1);
INSERT INTO `sys_menu` VALUES (1589789746153263106, 1111111111111111111, 9223372036854775807, '添加', '', 2, NULL, NULL, NULL, 'auth:rowPermission:create', 0, 0, 0, 1, NULL, NULL, NULL, NULL, NULL, NULL, 0, NULL, 1);
INSERT INTO `sys_menu` VALUES (1594135789623184129, 1111111111111111111, 1637297406628823041, '任务管理', 'Job', 1, 'job', '/job', '/system/job/index', 'sys:job:list', 0, 0, 0, 5, NULL, NULL, NULL, NULL, NULL, NULL, 0, NULL, 1);
INSERT INTO `sys_menu` VALUES (1594135789623984129, 1111111111111111111, 1637297406628823041, '文件管理', 'File', 1, 'file', '/file', '/system/file/index', 'sys:file:list', 0, 0, 0, 4, NULL, NULL, NULL, NULL, NULL, NULL, 0, NULL, 1);
INSERT INTO `sys_menu` VALUES (1594531945449451666, 1111111111111111111, 1594135789623984129, '预览', '', 2, NULL, NULL, NULL, 'sys:file:preview', 0, 0, 0, 3, NULL, NULL, NULL, NULL, NULL, NULL, 0, NULL, 1);
INSERT INTO `sys_menu` VALUES (1594532038764326666, 1111111111111111111, 1594135789623984129, '文件上传', '', 2, NULL, NULL, NULL, 'sys:file:upload', 0, 0, 0, 1, NULL, NULL, NULL, NULL, NULL, NULL, 0, NULL, 1);
INSERT INTO `sys_menu` VALUES (1594532038764326913, 1111111111111111111, 1594135789623984129, '下载', '', 2, NULL, NULL, NULL, 'sys:file:download', 0, 0, 0, 2, NULL, NULL, NULL, NULL, NULL, NULL, 0, NULL, 1);
INSERT INTO `sys_menu` VALUES (1598222373868695551, 1111111111111111111, 1813429194697031681, '删除', '', 2, NULL, NULL, NULL, 'auth:menuColumn:delete', 0, 0, 0, 3, NULL, NULL, NULL, NULL, NULL, NULL, 0, NULL, 1);
INSERT INTO `sys_menu` VALUES (1598222373868695553, 1111111111111111111, 9223372036854775807, '删除', '', 2, NULL, NULL, NULL, 'auth:rowPermission:delete', 0, 0, 0, 3, NULL, NULL, NULL, NULL, NULL, NULL, 0, NULL, 1);
INSERT INTO `sys_menu` VALUES (1598222575933485057, 1111111111111111111, 9223372036854775807, '修改', '', 2, NULL, NULL, NULL, 'auth:rowPermission:modify', 0, 0, 0, 2, NULL, NULL, NULL, NULL, NULL, NULL, 0, NULL, 1);
INSERT INTO `sys_menu` VALUES (1599935876379897858, 1111111111111111111, 1586717542633123841, '用户增加角色', '', 2, NULL, NULL, NULL, 'auth:user:set:role', 0, 0, 0, 1, NULL, NULL, NULL, NULL, NULL, NULL, 0, NULL, 1);
INSERT INTO `sys_menu` VALUES (1599936405688479746, 1111111111111111111, 1586717542633123841, '重置密码', '', 2, NULL, NULL, NULL, 'auth:user:reset', 0, 0, 0, 1, NULL, NULL, NULL, NULL, NULL, NULL, 0, NULL, 1);
INSERT INTO `sys_menu` VALUES (1601081152259891202, 1111111111111111111, 1578702340683628545, '导出', '', 2, NULL, NULL, NULL, 'auth:user:export', 0, 0, 0, 6, NULL, NULL, NULL, NULL, NULL, NULL, 0, NULL, 1);
INSERT INTO `sys_menu` VALUES (1632642093459915239, 1111111111111111111, 1578702340612321378, '删除', '', 2, NULL, NULL, NULL, 'sys:jLog:delete', 0, 0, 0, 1, NULL, NULL, NULL, NULL, NULL, NULL, 0, NULL, 1);
INSERT INTO `sys_menu` VALUES (1632642093459935231, 1111111111111111111, 1594135789623184129, '添加', '', 2, NULL, NULL, NULL, 'sys:job:create', 0, 0, 0, 1, NULL, NULL, NULL, NULL, NULL, NULL, 0, NULL, 1);
INSERT INTO `sys_menu` VALUES (1632642093459935232, 1111111111111111111, 1594135789623184129, '删除', '', 2, NULL, NULL, NULL, 'sys:job:delete', 0, 0, 0, 3, NULL, NULL, NULL, NULL, NULL, NULL, 0, NULL, 1);
INSERT INTO `sys_menu` VALUES (1632642093459935234, 1111111111111111111, 1580357773622202370, '添加', '', 2, NULL, NULL, NULL, 'bpm:category:create', 0, 0, 0, 1, NULL, NULL, NULL, NULL, NULL, NULL, 0, NULL, 1);
INSERT INTO `sys_menu` VALUES (1632642093459935235, 1111111111111111111, 1580357773622202370, '删除', '', 2, NULL, NULL, NULL, 'bpm:category:delete', 0, 0, 0, 2, NULL, NULL, NULL, NULL, NULL, NULL, 0, NULL, 1);
INSERT INTO `sys_menu` VALUES (1632642093459935236, 1111111111111111111, 1578702340612321378, '清空', '', 2, NULL, NULL, NULL, 'sys:jLog:truncate', 0, 0, 0, 2, NULL, NULL, NULL, NULL, NULL, NULL, 0, NULL, 1);
INSERT INTO `sys_menu` VALUES (1632642093459935239, 1111111111111111111, 1594135789623184129, '修改', '', 2, NULL, NULL, NULL, 'sys:job:modify', 0, 0, 0, 4, NULL, NULL, NULL, NULL, NULL, NULL, 0, NULL, 1);
INSERT INTO `sys_menu` VALUES (1632642093459935256, 1111111111111111111, 1580357773622202370, '修改', '', 2, NULL, NULL, NULL, 'bpm:category:modify', 0, 0, 0, 3, NULL, NULL, NULL, NULL, NULL, NULL, 0, NULL, 1);
INSERT INTO `sys_menu` VALUES (1632925687029903361, 1111111111111111111, 9223372036854775121, '查看', '', 2, NULL, NULL, NULL, 'bpm:definition:info', 0, 0, 0, 1, NULL, NULL, NULL, NULL, NULL, NULL, 0, NULL, 1);
INSERT INTO `sys_menu` VALUES (1632925792583757826, 1111111111111111111, 9223372036854775121, '删除', '', 2, NULL, NULL, NULL, 'bpm:definition:delete', 0, 0, 0, 1, NULL, NULL, NULL, NULL, NULL, NULL, 0, NULL, 1);
INSERT INTO `sys_menu` VALUES (1632950163226464257, 1111111111111111111, 9223372036854775121, '启动', '', 2, NULL, NULL, NULL, 'bpm:instance:start', 0, 0, 0, 1, NULL, NULL, NULL, NULL, NULL, NULL, 0, NULL, 1);
INSERT INTO `sys_menu` VALUES (1633285580421271553, 1111111111111111111, 1580357263003439106, '流程实例', 'Instance', 1, 'bpm_instance', '/instance', '/bpm/def/instance/index', 'bpm:instance:list', 0, 0, 0, 5, NULL, NULL, NULL, NULL, NULL, NULL, 0, NULL, 1);
INSERT INTO `sys_menu` VALUES (1633338860669214722, 1111111111111111111, 9223372036854775121, '流程挂起', '', 2, NULL, NULL, NULL, 'bpm:definition:suspended', 0, 0, 0, 1, NULL, NULL, NULL, NULL, NULL, NULL, 0, NULL, 1);
INSERT INTO `sys_menu` VALUES (1635920329879056385, 1111111111111111111, 1580357263003439106, 'bpmUI', '', 1, 'bpm_designer', 'http://localhost:8989/bpm-ui/idm/#/user-mgmt', NULL, NULL, 1, 0, 0, 15, NULL, NULL, NULL, NULL, NULL, NULL, 0, NULL, 1);
INSERT INTO `sys_menu` VALUES (1637297406628823041, 1111111111111111111, 1111111111111111111, '系统管理', '', 0, 'system', '/system', NULL, NULL, 0, 0, 0, 2, NULL, NULL, NULL, NULL, NULL, NULL, 0, NULL, 1);
INSERT INTO `sys_menu` VALUES (1637647486464438273, 1111111111111111111, 1594135789623184129, '运行一次', '', 2, NULL, NULL, NULL, 'sys:job:run', 0, 0, 0, 2, NULL, NULL, NULL, NULL, NULL, NULL, 0, NULL, 1);
INSERT INTO `sys_menu` VALUES (1648569698801393666, 1111111111111111111, 1578702340666851329, '客户端管理', 'Client', 1, 'client', '/client', '/auth/client/index', 'auth:client:list', 0, 0, 0, 11, NULL, NULL, NULL, NULL, NULL, NULL, 0, NULL, 1);
INSERT INTO `sys_menu` VALUES (1657464120406532098, 1111111111111111111, 1648569698801393666, '添加', '', 2, NULL, NULL, NULL, 'auth:client:create', 0, 0, 0, 1, NULL, NULL, NULL, NULL, NULL, NULL, 0, NULL, 1);
INSERT INTO `sys_menu` VALUES (1657464313466150914, 1111111111111111111, 1648569698801393666, '修改', '', 2, NULL, NULL, NULL, 'auth:client:modify', 0, 0, 0, 2, NULL, NULL, NULL, NULL, NULL, NULL, 0, NULL, 1);
INSERT INTO `sys_menu` VALUES (1657464432802488321, 1111111111111111111, 1648569698801393666, '删除', '', 2, NULL, NULL, NULL, 'auth:client:delete', 0, 0, 0, 3, NULL, NULL, NULL, NULL, NULL, NULL, 0, NULL, 1);
INSERT INTO `sys_menu` VALUES (1658346521789206529, 1111111111111111111, 1648569698801393666, '重置密钥', '', 2, NULL, NULL, NULL, 'auth:client:resetClientSecret', 0, 0, 0, 1, NULL, NULL, NULL, NULL, NULL, NULL, 0, NULL, 1);
INSERT INTO `sys_menu` VALUES (1664159611618799618, 1111111111111111111, 1582554585967800321, 'springdoc', '', 1, 'springdoc', 'http://localhost:9000/swagger-ui/index.html', NULL, NULL, 1, 0, 0, 1, NULL, NULL, NULL, NULL, NULL, NULL, 0, NULL, 1);
INSERT INTO `sys_menu` VALUES (1676117949968084994, 1111111111111111111, 1637297406628823041, '表单生成器', 'Gen', 1, 'form', '/gen', '/', '::', 0, 0, 0, 1, NULL, NULL, NULL, NULL, NULL, NULL, 0, NULL, 1);
INSERT INTO `sys_menu` VALUES (1753664334832967682, 1111111111111111111, 1637297406628823041, '站内信', '', 0, 'message', '/msg', NULL, NULL, 0, 0, 0, 3, NULL, NULL, NULL, NULL, NULL, NULL, 0, NULL, 1);
INSERT INTO `sys_menu` VALUES (1761982833619738625, 1111111111111111111, 1578702340683628546, '详情', '', 2, NULL, NULL, NULL, 'auth:menu:info', 0, 0, 0, 1, NULL, NULL, NULL, NULL, NULL, NULL, 0, NULL, 1);
INSERT INTO `sys_menu` VALUES (1761982923168129025, 1111111111111111111, 1578702340671045634, '详情', '', 2, NULL, NULL, NULL, 'auth:platform:info', 0, 0, 0, 1, NULL, NULL, NULL, NULL, NULL, NULL, 0, NULL, 1);
INSERT INTO `sys_menu` VALUES (1761982995855417346, 1111111111111111111, 1578702340662657026, '详情', '', 2, NULL, NULL, NULL, 'auth:dept:info', 0, 0, 0, 1, NULL, NULL, NULL, NULL, NULL, NULL, 0, NULL, 1);
INSERT INTO `sys_menu` VALUES (1762353074732359681, 1111111111111111111, 1578702340654268416, '详情', '', 2, NULL, NULL, NULL, 'auth:post:info', 0, 0, 0, 1, NULL, NULL, NULL, NULL, NULL, NULL, 0, NULL, 1);
INSERT INTO `sys_menu` VALUES (1762353132718612482, 1111111111111111111, 1578702340654268418, '详情', '', 2, NULL, NULL, NULL, 'auth:role:info', 0, 0, 0, 1, NULL, NULL, NULL, NULL, NULL, NULL, 0, NULL, 1);
INSERT INTO `sys_menu` VALUES (1762353207431749631, 1111111111111111111, 1813429194697031681, '详情', '', 2, NULL, NULL, NULL, 'auth:menuColumn:info', 0, 0, 0, 1, NULL, NULL, NULL, NULL, NULL, NULL, 0, NULL, 1);
INSERT INTO `sys_menu` VALUES (1762353207431749633, 1111111111111111111, 9223372036854775807, '详情', '', 2, NULL, NULL, NULL, 'auth:rowPermission:info', 0, 0, 0, 1, NULL, NULL, NULL, NULL, NULL, NULL, 0, NULL, 1);
INSERT INTO `sys_menu` VALUES (1762353511967580162, 1111111111111111111, 1578702340654268412, '删除', '', 2, NULL, NULL, NULL, 'auth:tenant:delete', 0, 0, 0, 1, NULL, NULL, NULL, NULL, NULL, NULL, 0, NULL, 1);
INSERT INTO `sys_menu` VALUES (1762353732504084481, 1111111111111111111, 1648569698801393666, '详情', '', 2, NULL, NULL, NULL, 'auth:client:info', 0, 0, 0, 1, NULL, NULL, NULL, NULL, NULL, NULL, 0, NULL, 1);
INSERT INTO `sys_menu` VALUES (1762353800099487746, 1111111111111111111, 1594135789623184129, '详情', '', 2, NULL, NULL, NULL, 'sys:job:info', 0, 0, 0, 1, NULL, NULL, NULL, NULL, NULL, NULL, 0, NULL, 1);
INSERT INTO `sys_menu` VALUES (1762353849600663553, 1111111111111111111, 1578702340662657027, '详情', '', 2, NULL, NULL, NULL, 'auth:dict:info', 0, 0, 0, 1, NULL, NULL, NULL, NULL, NULL, NULL, 0, NULL, 1);
INSERT INTO `sys_menu` VALUES (1762353899760345089, 1111111111111111111, 1578702340612325378, '详情', '', 2, NULL, NULL, NULL, 'auth:log:info', 0, 0, 0, 1, NULL, NULL, NULL, NULL, NULL, NULL, 0, NULL, 1);
INSERT INTO `sys_menu` VALUES (1762354008057274370, 1111111111111111111, 1586717542633123843, '详情', '', 2, NULL, NULL, NULL, 'auth:dictItem:info', 0, 0, 0, 1, NULL, NULL, NULL, NULL, NULL, NULL, 0, NULL, 1);
INSERT INTO `sys_menu` VALUES (1764834376870072321, 1111111111111111111, 1594135789623984129, '修改', '', 2, NULL, NULL, NULL, 'sys:file:edit', 1, 0, 0, 1, NULL, NULL, NULL, NULL, NULL, NULL, 0, NULL, 1);
INSERT INTO `sys_menu` VALUES (1769605991864541186, 1111111111111111111, 9223372036854775119, '详情', '', 2, NULL, NULL, NULL, 'sys:msg:info', 1, 0, 0, 1, NULL, NULL, NULL, NULL, NULL, NULL, 0, NULL, 1);
INSERT INTO `sys_menu` VALUES (1769913478174011393, 1111111111111111111, 1578702340654268418, '设置菜单权限', '', 2, NULL, NULL, NULL, 'auth:menu:permission:modify', 1, 0, 0, 1, NULL, NULL, NULL, NULL, NULL, NULL, 0, NULL, 1);
INSERT INTO `sys_menu` VALUES (1769932578489217025, 1111111111111111111, 1578702340654268418, '设置行权限', '', 2, NULL, NULL, NULL, 'auth:row:permission:modify', 1, 0, 0, 1, NULL, NULL, NULL, NULL, NULL, NULL, 0, NULL, 1);
INSERT INTO `sys_menu` VALUES (1771092462060519425, 1111111111111111111, 1578702340654268418, '删除列级别权限', '', 2, NULL, NULL, NULL, 'auth:role:column:permission:remove', 1, 0, 0, 1, NULL, NULL, NULL, NULL, NULL, NULL, 0, NULL, 1);
INSERT INTO `sys_menu` VALUES (1772119073333514242, 1111111111111111111, 9223372036854775119, 'send', '', 2, NULL, NULL, NULL, 'sys:msg:send', 1, 0, 0, 1, NULL, NULL, NULL, NULL, NULL, NULL, 0, NULL, 1);
INSERT INTO `sys_menu` VALUES (1773244400852008961, 1111111111111111111, 1581966349440581634, '二级菜单', '', 0, 'auth', '/test', NULL, NULL, 1, 0, 0, 1, NULL, NULL, NULL, NULL, NULL, NULL, 0, NULL, 1);
INSERT INTO `sys_menu` VALUES (1773244571417575425, 1111111111111111111, 1773244400852008961, '三级菜单', 'Test', 1, 'add', '/test', '/system/file/index', NULL, 0, 0, 0, 1, NULL, NULL, NULL, NULL, NULL, NULL, 0, NULL, 1);
INSERT INTO `sys_menu` VALUES (1793490122163617793, 1111111111111111111, 1581966349440581634, 'wangEditor', 'WangEditor', 1, NULL, '/wangEditor', '/test/wangEditor/index', NULL, 0, 0, 0, 1, NULL, NULL, NULL, NULL, NULL, NULL, 0, NULL, 1);
INSERT INTO `sys_menu` VALUES (1795343069638156290, 1111111111111111111, 9223372036854775121, '流程设计', '', 2, NULL, NULL, NULL, 'bpm:definition:design', 0, 0, 0, 1, NULL, NULL, NULL, NULL, NULL, NULL, 0, NULL, 1);
INSERT INTO `sys_menu` VALUES (1795361472646008833, 1111111111111111111, 9223372036854775121, '部署', '', 2, NULL, NULL, NULL, 'bpm:definition:deploy', 0, 0, 0, 1, NULL, NULL, NULL, NULL, NULL, NULL, 0, NULL, 1);
INSERT INTO `sys_menu` VALUES (1806128900648783874, 1111111111111111111, 1111111111111111111, '任务管理', '', 0, 'task_manager', '/task', NULL, NULL, 0, 0, 0, 5, NULL, NULL, NULL, NULL, NULL, NULL, 0, NULL, 1);
INSERT INTO `sys_menu` VALUES (1806941904676159490, 1111111111111111111, 1806128900648783874, '待办任务', 'Todo', 1, 'todo', '/todo', '/bpm/task/todo/index', NULL, 0, 0, 0, 1, NULL, NULL, NULL, NULL, NULL, NULL, 0, NULL, 1);
INSERT INTO `sys_menu` VALUES (1806942129591517186, 1111111111111111111, 1806128900648783874, '已办任务', 'Completed', 1, 'completed_tasks', '/completed', '/bpm/task/completed/index', NULL, 0, 0, 0, 2, NULL, NULL, NULL, NULL, NULL, NULL, 0, NULL, 1);
INSERT INTO `sys_menu` VALUES (1806942202333331457, 1111111111111111111, 1806128900648783874, '我的提交', 'Apply', 1, 'history_task', '/apply', '/bpm/task/apply/index', NULL, 0, 0, 0, 3, NULL, NULL, NULL, NULL, NULL, NULL, 0, NULL, 1);
INSERT INTO `sys_menu` VALUES (1806949939763052546, 1111111111111111111, 1111111111111111111, '工单管理', '', 0, 'wo', '/wo', NULL, NULL, 0, 0, 0, 6, NULL, NULL, NULL, NULL, NULL, NULL, 0, NULL, 1);
INSERT INTO `sys_menu` VALUES (1806950505004236802, 1111111111111111111, 1806949939763052546, '请假管理', 'Leave', 1, 'leave', '/leave', '/wo/leave/index', 'wo:leave:list', 0, 0, 0, 1, NULL, NULL, NULL, NULL, NULL, NULL, 0, NULL, 1);
INSERT INTO `sys_menu` VALUES (1807352428140244993, 1111111111111111111, 1581966349440581634, 'bpmnViewer', 'BpmnViewer', 1, NULL, '/bpmnViewer', '/test/bpmnViewer/index', NULL, 0, 0, 0, 1, NULL, NULL, NULL, NULL, NULL, NULL, 0, NULL, 1);
INSERT INTO `sys_menu` VALUES (1810587679377408001, 1111111111111111111, 1813418484919291905, '邮箱配置管理', 'EmailConfig', 1, 'email_config', '/config', '/system/email/config/index', 'sys:emailConfig:list', 0, 0, 0, 7, NULL, NULL, NULL, NULL, NULL, NULL, 0, NULL, 1);
INSERT INTO `sys_menu` VALUES (1811244854244306945, 1111111111111111111, 1810587679377408001, '添加', '', 2, NULL, NULL, NULL, 'sys:emailConfig:create', 0, 0, 0, 1, NULL, NULL, NULL, NULL, NULL, NULL, 0, NULL, 1);
INSERT INTO `sys_menu` VALUES (1811245062084653057, 1111111111111111111, 1810587679377408001, '修改', '', 2, NULL, NULL, NULL, 'sys:emailConfig:modify', 0, 0, 0, 1, NULL, NULL, NULL, NULL, NULL, NULL, 0, NULL, 1);
INSERT INTO `sys_menu` VALUES (1811245262626910210, 1111111111111111111, 1810587679377408001, '删除', '', 2, NULL, NULL, NULL, 'sys:emailConfig:delete', 0, 0, 0, 1, NULL, NULL, NULL, NULL, NULL, NULL, 0, NULL, 1);
INSERT INTO `sys_menu` VALUES (1811276032536031234, 1111111111111111111, 1810587679377408001, '详情', '', 2, NULL, NULL, NULL, 'sys:emailConfig:info', 0, 0, 0, 1, NULL, NULL, NULL, NULL, NULL, NULL, 0, NULL, 1);
INSERT INTO `sys_menu` VALUES (1811295279165304834, 1111111111111111111, 1813418484919291905, '邮箱主题管理', 'MSubject', 1, 'email_subject', '/msubject', '/system/email/msubject/index', 'sys:mSubject:list', 0, 0, 0, 8, NULL, NULL, NULL, NULL, NULL, NULL, 0, NULL, 1);
INSERT INTO `sys_menu` VALUES (1811295626692751361, 1111111111111111111, 1811295279165304834, '添加', '', 2, NULL, NULL, '', 'sys:mSubject:create', 0, 0, 0, 1, NULL, NULL, NULL, NULL, NULL, NULL, 0, NULL, 1);
INSERT INTO `sys_menu` VALUES (1811295707286302721, 1111111111111111111, 1811295279165304834, '详情', '', 2, NULL, NULL, '', 'sys:mSubject:info', 0, 0, 0, 1, NULL, NULL, NULL, NULL, NULL, NULL, 0, NULL, 1);
INSERT INTO `sys_menu` VALUES (1811295805265244162, 1111111111111111111, 1811295279165304834, '删除', '', 2, NULL, NULL, '', 'sys:mSubject:delete', 0, 0, 0, 1, NULL, NULL, NULL, NULL, NULL, NULL, 0, NULL, 1);
INSERT INTO `sys_menu` VALUES (1811295880271982594, 1111111111111111111, 1811295279165304834, '修改', '', 2, NULL, NULL, '', 'sys:mSubject:modify', 0, 0, 0, 1, NULL, NULL, NULL, NULL, NULL, NULL, 0, NULL, 1);
INSERT INTO `sys_menu` VALUES (1812002047382114305, 1111111111111111111, 1813418484919291905, '邮箱发送人详情', 'UserEmail', 1, NULL, '/userEmail', '/system/email/userEmail/index', NULL, 0, 0, 1, 9, NULL, NULL, NULL, NULL, NULL, NULL, 0, NULL, 1);
INSERT INTO `sys_menu` VALUES (1813418484919291905, 1111111111111111111, 1637297406628823041, '邮箱管理', '', 0, 'email', '/email', NULL, NULL, 0, 0, 0, 1, NULL, NULL, NULL, NULL, NULL, NULL, 0, NULL, 1);
INSERT INTO `sys_menu` VALUES (1813427994547273729, 1111111111111111111, 1578702340666851329, '数据权限', '', 0, 'permission', '/permission', NULL, NULL, 0, 0, 0, 12, NULL, NULL, NULL, NULL, NULL, NULL, 0, NULL, 1);
INSERT INTO `sys_menu` VALUES (1813429194697031681, 1111111111111111111, 1813427994547273729, '菜单加密列管理', 'MenuColumn', 1, 'column_permission', '/menuColumn', '/auth/permission/menuColumn/index', 'auth:menuColumn:list', 0, 0, 0, 1, NULL, NULL, NULL, NULL, NULL, NULL, 0, NULL, 1);
INSERT INTO `sys_menu` VALUES (1814127259431047169, 1111111111111111111, 1111111111111111111, '开发管理', '', 0, 'dev', '/dev', NULL, 'auth:db:tables', 0, 0, 0, 1, NULL, NULL, NULL, NULL, NULL, NULL, 0, NULL, 1);
INSERT INTO `sys_menu` VALUES (1814127396630925314, 1111111111111111111, 1814127259431047169, '表结构管理', 'Tables', 1, 'tables', '/tables', '/dev/tables/index', 'dev:tables:list', 0, 0, 0, 1, NULL, NULL, NULL, NULL, NULL, NULL, 0, NULL, 1);
INSERT INTO `sys_menu` VALUES (1814129777775054850, 1111111111111111111, 1814127396630925314, '字段查询', '', 2, NULL, NULL, NULL, 'auth:db:columns', 0, 0, 0, 1, NULL, NULL, NULL, NULL, NULL, NULL, 0, NULL, 1);
INSERT INTO `sys_menu` VALUES (1818527209413775362, 1111111111111111111, 1633285580421271553, '查看', '', 2, NULL, NULL, NULL, 'bpm:instance:info', 0, 0, 0, 1, NULL, NULL, NULL, NULL, NULL, NULL, 0, NULL, 1);
INSERT INTO `sys_menu` VALUES (1818527280947630081, 1111111111111111111, 1633285580421271553, '删除', '', 2, NULL, NULL, NULL, 'bpm:instance:delete', 0, 0, 0, 1, NULL, NULL, NULL, NULL, NULL, NULL, 0, NULL, 1);
INSERT INTO `sys_menu` VALUES (1818527439341326337, 1111111111111111111, 1633285580421271553, '删除', '', 2, NULL, NULL, NULL, 'bpm:instance:delete', 0, 0, 0, 2, NULL, NULL, NULL, NULL, NULL, NULL, 1, NULL, 1);
INSERT INTO `sys_menu` VALUES (1818532399135133698, 1111111111111111111, 1633285580421271553, '挂起', '', 2, NULL, NULL, NULL, 'bpm:instance:suspended', 0, 0, 0, 1, NULL, NULL, NULL, NULL, NULL, NULL, 0, NULL, 1);
INSERT INTO `sys_menu` VALUES (1820728998888316929, 1111111111111111111, 1581966349440581634, 'todoTask', 'TodoTask', 1, NULL, '/todoTask', '/test/todoTask/index', NULL, 0, 0, 0, 1, NULL, NULL, NULL, NULL, NULL, NULL, 0, NULL, 1);
INSERT INTO `sys_menu` VALUES (1821000447351885826, 1111111111111111111, 1806941904676159490, '审批', '', 2, NULL, NULL, NULL, 'task:todo:approval', 0, 0, 0, 1, NULL, NULL, NULL, NULL, NULL, NULL, 0, NULL, 1);
INSERT INTO `sys_menu` VALUES (1821003387076644866, 1111111111111111111, 1806128900648783874, '去审批', 'TodoApproval', 1, NULL, '/todoApproval', '/bpm/task/todo/components/TodoApproval', NULL, 0, 0, 1, 1, NULL, NULL, NULL, NULL, NULL, NULL, 0, NULL, 1);
INSERT INTO `sys_menu` VALUES (1821069628583792641, 1111111111111111111, 1581966349440581634, '打印', 'hiprint', 1, NULL, 'hiprint', '/test/hiprint/index', NULL, 0, 0, 0, 1, NULL, NULL, NULL, NULL, NULL, NULL, 0, NULL, 1);
INSERT INTO `sys_menu` VALUES (9223372036854775119, 1111111111111111111, 1753664334832967682, '消息公告', 'Msg', 1, 'msg_template', '/msg', '/system/messages/msg/index', 'sys:msg:list', 0, 0, 0, 3, NULL, NULL, NULL, NULL, NULL, NULL, 0, NULL, 1);
INSERT INTO `sys_menu` VALUES (9223372036854775120, 1111111111111111111, 1753664334832967682, '用户消息', 'UserMsg', 1, 'user_msg', '/msgUser', '/system/messages/msgUser/index', 'sys:msgUser:list', 0, 0, 0, 2, NULL, NULL, NULL, NULL, NULL, NULL, 0, NULL, 1);
INSERT INTO `sys_menu` VALUES (9223372036854775121, 1111111111111111111, 1580357263003439106, '流程定义', 'Definition', 1, 'bpm_definition', '/definition', '/bpm/def/definition/index', 'bpm:definition:list', 0, 0, 0, 2, NULL, NULL, NULL, NULL, NULL, NULL, 0, NULL, 1);
INSERT INTO `sys_menu` VALUES (9223372036854775807, 1111111111111111111, 1813427994547273729, '行数据权限', 'RowPermission', 1, 'row_permission', '/rowPermission', '/auth/permission/rowPermission/index', 'auth:rowPermission:list', 0, 0, 0, 8, NULL, NULL, NULL, NULL, NULL, NULL, 0, NULL, 1);

-- ----------------------------
-- Table structure for sys_menu_column
-- ----------------------------
DROP TABLE IF EXISTS `sys_menu_column`;
CREATE TABLE `sys_menu_column`  (
  `id` bigint NOT NULL COMMENT '主键ID',
  `menu` varchar(128) CHARACTER SET utf8mb4 COLLATE utf8mb4_general_ci NULL DEFAULT NULL COMMENT '菜单名',
  `column` varchar(128) CHARACTER SET utf8mb4 COLLATE utf8mb4_general_ci NULL DEFAULT NULL COMMENT '菜单字段',
  `create_by` varchar(16) CHARACTER SET utf8mb4 COLLATE utf8mb4_general_ci NULL DEFAULT NULL COMMENT '创建人编码',
  `create_name` varchar(16) CHARACTER SET utf8mb4 COLLATE utf8mb4_general_ci NULL DEFAULT NULL COMMENT '创建人姓名',
  `create_time` datetime NULL DEFAULT CURRENT_TIMESTAMP COMMENT '创建时间',
  PRIMARY KEY (`id`) USING BTREE
) ENGINE = InnoDB CHARACTER SET = utf8mb4 COLLATE = utf8mb4_general_ci COMMENT = '菜单加密字段' ROW_FORMAT = DYNAMIC;

-- ----------------------------
-- Records of sys_menu_column
-- ----------------------------
INSERT INTO `sys_menu_column` VALUES (1, 'User', 'avatar', NULL, NULL, NULL);
INSERT INTO `sys_menu_column` VALUES (2, 'User', 'id_card', NULL, NULL, NULL);
INSERT INTO `sys_menu_column` VALUES (3, 'Menu', 'name', NULL, NULL, NULL);
INSERT INTO `sys_menu_column` VALUES (1818175500065771522, 'User', 'idCard', NULL, NULL, NULL);
INSERT INTO `sys_menu_column` VALUES (1818470250547298305, 'Platform', 'platformCode', NULL, NULL, NULL);
INSERT INTO `sys_menu_column` VALUES (1822199069229768706, 'Apply', 'procDefKey', NULL, NULL, NULL);

-- ----------------------------
-- Table structure for sys_msg
-- ----------------------------
DROP TABLE IF EXISTS `sys_msg`;
CREATE TABLE `sys_msg`  (
  `id` bigint NOT NULL COMMENT '主键ID',
  `dept_id` bigint NULL DEFAULT NULL COMMENT '数据权限使用',
  `title` varchar(255) CHARACTER SET utf8mb4 COLLATE utf8mb4_general_ci NULL DEFAULT NULL COMMENT '消息标题',
  `code` varchar(255) CHARACTER SET utf8mb4 COLLATE utf8mb4_general_ci NULL DEFAULT NULL COMMENT '消息编码',
  `type` tinyint(1) NULL DEFAULT NULL COMMENT '消息类型 0 通知 1 公告',
  `level` varchar(16) CHARACTER SET utf8mb4 COLLATE utf8mb4_general_ci NULL DEFAULT NULL COMMENT '消息级别 error 紧急消息 info 一般消息 warning 警示消息 success 正常消息',
  `user_id` bigint NULL DEFAULT NULL COMMENT '消息发送人',
  `content` text CHARACTER SET utf8mb4 COLLATE utf8mb4_general_ci NULL COMMENT '消息内容',
  `create_by` varchar(16) CHARACTER SET utf8mb4 COLLATE utf8mb4_general_ci NULL DEFAULT NULL COMMENT '创建人编码',
  `create_name` varchar(16) CHARACTER SET utf8mb4 COLLATE utf8mb4_general_ci NULL DEFAULT NULL COMMENT '创建人姓名',
  `create_time` datetime NULL DEFAULT CURRENT_TIMESTAMP COMMENT '创建时间',
  `update_by` varchar(16) CHARACTER SET utf8mb4 COLLATE utf8mb4_general_ci NULL DEFAULT NULL COMMENT '修改人编码',
  `update_name` varchar(16) CHARACTER SET utf8mb4 COLLATE utf8mb4_general_ci NULL DEFAULT NULL COMMENT '修改人姓名',
  `update_time` datetime NULL DEFAULT NULL ON UPDATE CURRENT_TIMESTAMP COMMENT '修改时间',
  `is_delete` tinyint(1) NULL DEFAULT 0 COMMENT '是否删除 0 未删除 1 已删除',
  `delete_by` varchar(16) CHARACTER SET utf8mb4 COLLATE utf8mb4_general_ci NULL DEFAULT NULL COMMENT '删除人编码',
  `tenant_id` bigint NOT NULL COMMENT '租户ID',
  PRIMARY KEY (`id`) USING BTREE
) ENGINE = InnoDB CHARACTER SET = utf8mb4 COLLATE = utf8mb4_general_ci COMMENT = '消息' ROW_FORMAT = DYNAMIC;

-- ----------------------------
-- Records of sys_msg
-- ----------------------------
INSERT INTO `sys_msg` VALUES (1594154596111454210, NULL, '你好世界', 'Halo3', 1, 'warning', NULL, '你好', NULL, NULL, NULL, NULL, NULL, NULL, 0, NULL, 1);
INSERT INTO `sys_msg` VALUES (1594154596111454211, NULL, '你好世界', 'Halo2', 1, 'warning', NULL, '你好', NULL, NULL, NULL, NULL, NULL, NULL, 0, NULL, 1);
INSERT INTO `sys_msg` VALUES (1594154596111454212, NULL, '你好世界', 'Halo1', 1, 'danger', NULL, '你好', NULL, NULL, NULL, NULL, NULL, NULL, 0, NULL, 1);
INSERT INTO `sys_msg` VALUES (1595966082236538882, NULL, '你好世界', 'Halo', 1, 'info', NULL, '你好', NULL, NULL, NULL, NULL, NULL, NULL, 0, NULL, 1);

-- ----------------------------
-- Table structure for sys_msg_channal
-- ----------------------------
DROP TABLE IF EXISTS `sys_msg_channal`;
CREATE TABLE `sys_msg_channal`  (
  `id` bigint NOT NULL COMMENT '主键ID',
  `msg_id` bigint NULL DEFAULT NULL COMMENT '消息ID',
  `type` tinyint(1) NULL DEFAULT NULL COMMENT '渠道类型 1 邮件 2 系统通知 3 小程序通知 4 公众号通知',
  `create_by` varchar(16) CHARACTER SET utf8mb4 COLLATE utf8mb4_general_ci NULL DEFAULT NULL COMMENT '创建人编码',
  `create_name` varchar(16) CHARACTER SET utf8mb4 COLLATE utf8mb4_general_ci NULL DEFAULT NULL COMMENT '创建人姓名',
  `create_time` datetime NULL DEFAULT CURRENT_TIMESTAMP COMMENT '创建时间',
  `update_by` varchar(16) CHARACTER SET utf8mb4 COLLATE utf8mb4_general_ci NULL DEFAULT NULL COMMENT '修改人编码',
  `update_name` varchar(16) CHARACTER SET utf8mb4 COLLATE utf8mb4_general_ci NULL DEFAULT NULL COMMENT '修改人姓名',
  `update_time` datetime NULL DEFAULT NULL ON UPDATE CURRENT_TIMESTAMP COMMENT '修改时间',
  `is_delete` tinyint(1) NULL DEFAULT 0 COMMENT '是否删除 0 未删除 1 已删除',
  `delete_by` varchar(16) CHARACTER SET utf8mb4 COLLATE utf8mb4_general_ci NULL DEFAULT NULL COMMENT '删除人编码',
  `tenant_id` bigint NOT NULL COMMENT '租户ID',
  PRIMARY KEY (`id`) USING BTREE
) ENGINE = InnoDB CHARACTER SET = utf8mb4 COLLATE = utf8mb4_general_ci COMMENT = '消息' ROW_FORMAT = DYNAMIC;

-- ----------------------------
-- Records of sys_msg_channal
-- ----------------------------

-- ----------------------------
-- Table structure for sys_msg_user
-- ----------------------------
DROP TABLE IF EXISTS `sys_msg_user`;
CREATE TABLE `sys_msg_user`  (
  `id` bigint NOT NULL AUTO_INCREMENT COMMENT '主键ID',
  `msg_id` bigint NULL DEFAULT NULL COMMENT '消息ID',
  `is_read` tinyint(1) NULL DEFAULT 0 COMMENT '标记已读 0 未读 1 已读',
  `is_close` tinyint(1) NULL DEFAULT 0 COMMENT '标记关闭 0 未关闭 1 已关闭',
  `dept_id` bigint NULL DEFAULT NULL COMMENT '信息所属部门ID（数据权限使用）',
  `user_id` bigint NULL DEFAULT NULL COMMENT '接收消息的用户ID （数据权限使用）',
  `create_by` varchar(16) CHARACTER SET utf8mb4 COLLATE utf8mb4_general_ci NULL DEFAULT NULL COMMENT '创建人编码',
  `create_name` varchar(16) CHARACTER SET utf8mb4 COLLATE utf8mb4_general_ci NULL DEFAULT NULL COMMENT '创建人姓名',
  `create_time` datetime NULL DEFAULT CURRENT_TIMESTAMP COMMENT '创建时间',
  `update_by` varchar(16) CHARACTER SET utf8mb4 COLLATE utf8mb4_general_ci NULL DEFAULT NULL COMMENT '修改人编码',
  `update_name` varchar(16) CHARACTER SET utf8mb4 COLLATE utf8mb4_general_ci NULL DEFAULT NULL COMMENT '修改人姓名',
  `update_time` datetime NULL DEFAULT NULL ON UPDATE CURRENT_TIMESTAMP COMMENT '修改时间',
  `is_delete` tinyint(1) NULL DEFAULT 0 COMMENT '是否删除 0 未删除 1 已删除',
  `delete_by` varchar(16) CHARACTER SET utf8mb4 COLLATE utf8mb4_general_ci NULL DEFAULT NULL COMMENT '删除人编码',
  PRIMARY KEY (`id`) USING BTREE
) ENGINE = InnoDB AUTO_INCREMENT = 1822202045038067719 CHARACTER SET = utf8mb4 COLLATE = utf8mb4_general_ci COMMENT = '用户消息' ROW_FORMAT = DYNAMIC;

-- ----------------------------
-- Records of sys_msg_user
-- ----------------------------

-- ----------------------------
-- Table structure for sys_platform
-- ----------------------------
DROP TABLE IF EXISTS `sys_platform`;
CREATE TABLE `sys_platform`  (
  `id` bigint NOT NULL COMMENT '主键ID',
  `platform_name` varchar(36) CHARACTER SET utf8mb4 COLLATE utf8mb4_general_ci NULL DEFAULT NULL COMMENT '平台名称',
  `platform_code` varchar(32) CHARACTER SET utf8mb4 COLLATE utf8mb4_general_ci NULL DEFAULT NULL COMMENT '平台编码',
  `description` varchar(255) CHARACTER SET utf8mb4 COLLATE utf8mb4_general_ci NULL DEFAULT NULL COMMENT '描述',
  `create_by` varchar(16) CHARACTER SET utf8mb4 COLLATE utf8mb4_general_ci NULL DEFAULT NULL COMMENT '创建人编码',
  `create_name` varchar(16) CHARACTER SET utf8mb4 COLLATE utf8mb4_general_ci NULL DEFAULT NULL COMMENT '创建人姓名',
  `create_time` datetime NULL DEFAULT CURRENT_TIMESTAMP COMMENT '创建时间',
  `update_by` varchar(16) CHARACTER SET utf8mb4 COLLATE utf8mb4_general_ci NULL DEFAULT NULL COMMENT '修改人编码',
  `update_name` varchar(16) CHARACTER SET utf8mb4 COLLATE utf8mb4_general_ci NULL DEFAULT NULL COMMENT '修改人名称',
  `update_time` datetime NULL DEFAULT NULL ON UPDATE CURRENT_TIMESTAMP COMMENT '修改时间',
  `is_delete` int NULL DEFAULT 0 COMMENT '是否删除 0 未删除 1 已删除',
  `delete_by` varchar(16) CHARACTER SET utf8mb4 COLLATE utf8mb4_general_ci NULL DEFAULT NULL COMMENT '删除人编码',
  `tenant_id` bigint NOT NULL COMMENT '租户ID',
  PRIMARY KEY (`id`) USING BTREE
) ENGINE = InnoDB CHARACTER SET = utf8mb4 COLLATE = utf8mb4_general_ci COMMENT = '平台' ROW_FORMAT = DYNAMIC;

-- ----------------------------
-- Records of sys_platform
-- ----------------------------
INSERT INTO `sys_platform` VALUES (1111111111111111111, '后台管理中心', 'pc', '后台管理中心', NULL, NULL, NULL, NULL, NULL, NULL, 0, NULL, 1);
INSERT INTO `sys_platform` VALUES (1580099387022348289, '微信小程序', 'mini', '微信小程序', NULL, NULL, NULL, NULL, NULL, NULL, 0, NULL, 1);

-- ----------------------------
-- Table structure for sys_post
-- ----------------------------
DROP TABLE IF EXISTS `sys_post`;
CREATE TABLE `sys_post`  (
  `id` bigint NOT NULL COMMENT '主键ID',
  `post_code` varchar(36) CHARACTER SET utf8mb4 COLLATE utf8mb4_general_ci NULL DEFAULT NULL COMMENT '岗位名称',
  `post_name` varchar(32) CHARACTER SET utf8mb4 COLLATE utf8mb4_general_ci NULL DEFAULT NULL COMMENT '岗位编码',
  `description` varchar(255) CHARACTER SET utf8mb4 COLLATE utf8mb4_general_ci NULL DEFAULT NULL COMMENT '描述',
  `create_by` varchar(16) CHARACTER SET utf8mb4 COLLATE utf8mb4_general_ci NULL DEFAULT NULL COMMENT '创建人编码',
  `create_name` varchar(16) CHARACTER SET utf8mb4 COLLATE utf8mb4_general_ci NULL DEFAULT NULL COMMENT '创建人姓名',
  `create_time` datetime NULL DEFAULT CURRENT_TIMESTAMP COMMENT '创建时间',
  `update_by` varchar(16) CHARACTER SET utf8mb4 COLLATE utf8mb4_general_ci NULL DEFAULT NULL COMMENT '修改人编码',
  `update_name` varchar(16) CHARACTER SET utf8mb4 COLLATE utf8mb4_general_ci NULL DEFAULT NULL COMMENT '修改人名称',
  `update_time` datetime NULL DEFAULT NULL ON UPDATE CURRENT_TIMESTAMP COMMENT '修改时间',
  `is_delete` int NULL DEFAULT 0 COMMENT '是否删除 0 未删除 1 已删除',
  `delete_by` varchar(16) CHARACTER SET utf8mb4 COLLATE utf8mb4_general_ci NULL DEFAULT NULL COMMENT '删除人编码',
  `tenant_id` bigint NOT NULL COMMENT '租户ID',
  PRIMARY KEY (`id`) USING BTREE
) ENGINE = InnoDB CHARACTER SET = utf8mb4 COLLATE = utf8mb4_general_ci COMMENT = '岗位' ROW_FORMAT = DYNAMIC;

-- ----------------------------
-- Records of sys_post
-- ----------------------------
INSERT INTO `sys_post` VALUES (1591377257933819906, 'CEO', '首席执行官', NULL, NULL, NULL, NULL, NULL, NULL, NULL, 0, NULL, 1);
INSERT INTO `sys_post` VALUES (1630094545759137794, 'BZ', '搬砖', NULL, NULL, NULL, NULL, NULL, NULL, NULL, 0, NULL, 1);
INSERT INTO `sys_post` VALUES (1637420262796746753, 'HR', '人力总监', NULL, NULL, NULL, NULL, NULL, NULL, NULL, 0, NULL, 1);

-- ----------------------------
-- Table structure for sys_quartz_job
-- ----------------------------
DROP TABLE IF EXISTS `sys_quartz_job`;
CREATE TABLE `sys_quartz_job`  (
  `id` bigint NOT NULL DEFAULT 2 COMMENT '主键ID',
  `job_name` varchar(64) CHARACTER SET utf8mb4 COLLATE utf8mb4_general_ci NOT NULL COMMENT '任务名称',
  `job_group_name` varchar(64) CHARACTER SET utf8mb4 COLLATE utf8mb4_general_ci NOT NULL DEFAULT '0' COMMENT '任务组名',
  `cron_expression` varchar(32) CHARACTER SET utf8mb4 COLLATE utf8mb4_general_ci NOT NULL COMMENT 'cron表达式',
  `clazz_name` varchar(255) CHARACTER SET utf8mb4 COLLATE utf8mb4_general_ci NOT NULL DEFAULT '0' COMMENT '任务类名',
  `misfire_policy` tinyint(1) NULL DEFAULT 1 COMMENT 'misfire策略 1 执行一次（默认）-1 立刻执行 2 放弃执行',
  `concurrent` tinyint(1) NULL DEFAULT 0 COMMENT '是否并发 0 不并发 1 并发',
  `status` tinyint(1) NULL DEFAULT 0 COMMENT '状态 0 关闭 1 开启',
  `create_by` varchar(16) CHARACTER SET utf8mb4 COLLATE utf8mb4_general_ci NULL DEFAULT NULL COMMENT '创建人编码',
  `create_name` varchar(16) CHARACTER SET utf8mb4 COLLATE utf8mb4_general_ci NULL DEFAULT NULL COMMENT '创建人姓名',
  `create_time` datetime NULL DEFAULT CURRENT_TIMESTAMP COMMENT '创建时间',
  `update_by` varchar(16) CHARACTER SET utf8mb4 COLLATE utf8mb4_general_ci NULL DEFAULT NULL COMMENT '修改人编码',
  `update_name` varchar(16) CHARACTER SET utf8mb4 COLLATE utf8mb4_general_ci NULL DEFAULT NULL COMMENT '修改人姓名',
  `update_time` datetime NULL DEFAULT NULL ON UPDATE CURRENT_TIMESTAMP COMMENT '修改时间',
  `is_delete` tinyint(1) NULL DEFAULT 0 COMMENT '是否删除 0 未删除 1 已删除',
  `delete_by` varchar(16) CHARACTER SET utf8mb4 COLLATE utf8mb4_general_ci NULL DEFAULT NULL COMMENT '删除人编码',
  `tenant_id` bigint NOT NULL DEFAULT 1 COMMENT '租户ID',
  PRIMARY KEY (`id`) USING BTREE
) ENGINE = InnoDB CHARACTER SET = utf8mb4 COLLATE = utf8mb4_general_ci COMMENT = 'quartz任务调度' ROW_FORMAT = DYNAMIC;

-- ----------------------------
-- Records of sys_quartz_job
-- ----------------------------
INSERT INTO `sys_quartz_job` VALUES (1565314987957145601, '样例-Bean名五种不同参数', 'DEFAULT', '0/10 * * * * ? *', 'breezeJobs.demoJob(\"test\", 1, 3D, 4L, true, false)', 1, 0, 0, NULL, NULL, NULL, NULL, NULL, NULL, 0, NULL, 1);
INSERT INTO `sys_quartz_job` VALUES (1565314987957145602, '样例-Bean名调用单个参数', 'DEFAULT', '0/20 * * * * ? *', 'breezeJobs.demoJob(\"test\")', 2, 0, 0, NULL, NULL, NULL, NULL, NULL, NULL, 0, NULL, 1);
INSERT INTO `sys_quartz_job` VALUES (1565314987957145603, '样例-全类名-五种不同参数', 'DEFAULT', '0/15 * * * * ? *', 'com.breeze.cloud.quartz.job.BreezeJobs.demoJob(\"test\", 1, 3D, 4L, true, false)', -1, 0, 0, NULL, NULL, NULL, NULL, NULL, NULL, 0, NULL, 1);

-- ----------------------------
-- Table structure for sys_quartz_job_log
-- ----------------------------
DROP TABLE IF EXISTS `sys_quartz_job_log`;
CREATE TABLE `sys_quartz_job_log`  (
  `id` bigint NOT NULL AUTO_INCREMENT COMMENT '主键ID',
  `job_id` bigint NOT NULL COMMENT '任务ID',
  `job_name` varchar(64) CHARACTER SET utf8mb4 COLLATE utf8mb4_general_ci NOT NULL COMMENT '任务名称',
  `job_group_name` varchar(64) CHARACTER SET utf8mb4 COLLATE utf8mb4_general_ci NOT NULL COMMENT '任务组名',
  `cron_expression` varchar(128) CHARACTER SET utf8mb4 COLLATE utf8mb4_general_ci NOT NULL COMMENT '当前的cron',
  `clazz_name` varchar(255) CHARACTER SET utf8mb4 COLLATE utf8mb4_general_ci NOT NULL COMMENT '调用目标类名',
  `end_time` datetime NULL DEFAULT NULL COMMENT '结束时间',
  `job_message` varchar(510) CHARACTER SET utf8mb4 COLLATE utf8mb4_general_ci NULL DEFAULT NULL COMMENT '日志信息',
  `job_result` tinyint(1) NULL DEFAULT 0 COMMENT '执行结果 0 失败 1 成功',
  `exception_info` text CHARACTER SET utf8mb4 COLLATE utf8mb4_general_ci NULL COMMENT '异常信息',
  `create_time` datetime NULL DEFAULT CURRENT_TIMESTAMP COMMENT '创建时间',
  PRIMARY KEY (`id`) USING BTREE
) ENGINE = InnoDB CHARACTER SET = utf8mb4 COLLATE = utf8mb4_general_ci COMMENT = 'quartz任务调度日志' ROW_FORMAT = DYNAMIC;

-- ----------------------------
-- Records of sys_quartz_job_log
-- ----------------------------

-- ----------------------------
-- Table structure for sys_registered_client
-- ----------------------------
DROP TABLE IF EXISTS `sys_registered_client`;
CREATE TABLE `sys_registered_client`  (
  `id` bigint NOT NULL COMMENT '主键',
  `client_id` varchar(100) CHARACTER SET utf8mb4 COLLATE utf8mb4_general_ci NOT NULL COMMENT '客户端ID',
  `client_id_issued_at` datetime NOT NULL DEFAULT CURRENT_TIMESTAMP COMMENT '客户端发布日期',
  `client_secret` varchar(200) CHARACTER SET utf8mb4 COLLATE utf8mb4_general_ci NULL DEFAULT NULL COMMENT '客户端访问密钥',
  `client_secret_expires_at` datetime NULL DEFAULT NULL COMMENT '客户端加密到期时间',
  `client_name` varchar(200) CHARACTER SET utf8mb4 COLLATE utf8mb4_general_ci NOT NULL COMMENT '客户端名称',
  `client_authentication_methods` varchar(1000) CHARACTER SET utf8mb4 COLLATE utf8mb4_general_ci NOT NULL COMMENT '客户端使用的身份验证方法；[client_secret_basic, client_secret_post, private_key_jwt, client_secret_jwt, none]',
  `authorization_grant_types` varchar(1000) CHARACTER SET utf8mb4 COLLATE utf8mb4_general_ci NOT NULL COMMENT '客户端支持的授权许可类型(grant_type)，可选值包括authorization_code,password,refresh_token,client_credentials,注意：password在auth2.1弃用了，我们自定义了【password】【sms_code】，若支持多个授权许可类型用逗号,分隔',
  `redirect_uris` varchar(1000) CHARACTER SET utf8mb4 COLLATE utf8mb4_general_ci NULL DEFAULT NULL COMMENT '客户端重定向URI，当grant_type为authorization_code时, 在Oauth2.0流程中会使用并检查，不在此列将被拒绝，使用IP或者域名，不能使用localhost',
  `scopes` varchar(1000) CHARACTER SET utf8mb4 COLLATE utf8mb4_general_ci NOT NULL COMMENT '客户端申请的权限范围，若有多个权限范围用逗号【,】分隔',
  `json_client_settings` json NOT NULL COMMENT '客户端自定义设置，包括验证密钥或者是否需要授权页面',
  `json_token_settings` json NOT NULL COMMENT '发布给客户端的 OAuth2 令牌的自定义设置',
  `create_by` varchar(16) CHARACTER SET utf8mb4 COLLATE utf8mb4_general_ci NULL DEFAULT NULL COMMENT '创建人编码',
  `create_name` varchar(16) CHARACTER SET utf8mb4 COLLATE utf8mb4_general_ci NULL DEFAULT NULL COMMENT '创建人姓名',
  `create_time` datetime NULL DEFAULT CURRENT_TIMESTAMP COMMENT '创建时间',
  `update_by` varchar(16) CHARACTER SET utf8mb4 COLLATE utf8mb4_general_ci NULL DEFAULT NULL COMMENT '修改人编码',
  `update_name` varchar(16) CHARACTER SET utf8mb4 COLLATE utf8mb4_general_ci NULL DEFAULT NULL COMMENT '修改人姓名',
  `update_time` datetime NULL DEFAULT NULL ON UPDATE CURRENT_TIMESTAMP COMMENT '修改时间',
  `is_delete` tinyint(1) NULL DEFAULT 0 COMMENT '是否删除 0 未删除 1 已删除',
  `delete_by` varchar(16) CHARACTER SET utf8mb4 COLLATE utf8mb4_general_ci NULL DEFAULT NULL COMMENT '删除人编码',
  PRIMARY KEY (`id`) USING BTREE
) ENGINE = InnoDB CHARACTER SET = utf8mb4 COLLATE = utf8mb4_general_ci ROW_FORMAT = DYNAMIC;

-- ----------------------------
-- Records of sys_registered_client
-- ----------------------------
INSERT INTO `sys_registered_client` VALUES (1657300982050701313, 'breeze-pkce', '2023-05-13 10:25:00', '{bcrypt}$2a$10$/fGu3noXgomDCQJgoBnz0eTtOyF.x9bWYykSXL1aYhMl/XOBbHwYG', NULL, 'breeze-pkce', 'none', 'authorization_code', 'http://127.0.0.1:8070/login/oauth2/code/breeze-pkce,http://www.baidu.com', 'read,profile,write', '{\"settings.client.jwk-set-url\": null, \"settings.client.require-proof-key\": true, \"settings.client.require-authorization-consent\": true, \"settings.client.token-endpoint-authentication-signing-algorithm\": null}', '{\"settings.token.access-token-format\": \"self-contained\", \"settings.token.reuse-refresh-tokens\": true, \"settings.token.access-token-time-to-live\": 6, \"settings.token.refresh-token-time-to-live\": 12, \"settings.token.id-token-signature-algorithm\": \"RS256\", \"settings.token.authorization-code-time-to-live\": 1}', NULL, NULL, NULL, NULL, NULL, NULL, 0, NULL);
INSERT INTO `sys_registered_client` VALUES (1657300993757003778, 'breeze', '2023-05-13 10:25:00', '{bcrypt}$2a$10$FxvAKA/8bTE37m5XVQWu2uGqNqAx2z5kv5xR02ucE1ja3JCRron2O', '2024-12-30 00:00:00', 'breeze', 'client_secret_post,client_secret_basic', 'refresh_token,email_code,password,client_credentials,sms_code,authorization_code', 'http://127.0.0.1:8080/authorized,http://www.baidu.com,http://127.0.0.1:9000/swagger-ui/oauth2-redirect.html,http://127.0.0.1:8080/login/oauth2/code/breeze-oidc', 'read,address,user_info,phone,profile,write,email', '{\"settings.client.jwk-set-url\": null, \"settings.client.require-proof-key\": false, \"settings.client.require-authorization-consent\": true, \"settings.client.token-endpoint-authentication-signing-algorithm\": \"RS256\"}', '{\"settings.token.access-token-format\": \"self-contained\", \"settings.token.reuse-refresh-tokens\": true, \"settings.token.access-token-time-to-live\": 1200, \"settings.token.refresh-token-time-to-live\": 120, \"settings.token.id-token-signature-algorithm\": \"RS256\", \"settings.token.authorization-code-time-to-live\": 1}', NULL, NULL, NULL, NULL, NULL, NULL, 0, NULL);

-- ----------------------------
-- Table structure for sys_role
-- ----------------------------
DROP TABLE IF EXISTS `sys_role`;
CREATE TABLE `sys_role`  (
  `id` bigint NOT NULL COMMENT '主键ID',
  `role_code` varchar(32) CHARACTER SET utf8mb4 COLLATE utf8mb4_general_ci NULL DEFAULT NULL COMMENT '角色编码',
  `role_name` varchar(32) CHARACTER SET utf8mb4 COLLATE utf8mb4_general_ci NULL DEFAULT NULL COMMENT '角色名称',
  `row_permission_type` varchar(32) CHARACTER SET utf8mb4 COLLATE utf8mb4_general_ci NULL DEFAULT NULL COMMENT '权限标识 ALL：全部 DEPT_LEVEL：部门级别 SUB_DEPT_LEVEL：子部门级别 OWN：个人 CUSTOMIZES：自定义（自定义时此字段无意义）',
  `create_by` varchar(16) CHARACTER SET utf8mb4 COLLATE utf8mb4_general_ci NULL DEFAULT NULL COMMENT '创建人编码',
  `create_name` varchar(16) CHARACTER SET utf8mb4 COLLATE utf8mb4_general_ci NULL DEFAULT NULL COMMENT '创建人姓名',
  `create_time` datetime NULL DEFAULT CURRENT_TIMESTAMP COMMENT '创建时间',
  `update_by` varchar(16) CHARACTER SET utf8mb4 COLLATE utf8mb4_general_ci NULL DEFAULT NULL COMMENT '修改人编码',
  `update_name` varchar(16) CHARACTER SET utf8mb4 COLLATE utf8mb4_general_ci NULL DEFAULT NULL COMMENT '修改人名称',
  `update_time` datetime NULL DEFAULT NULL ON UPDATE CURRENT_TIMESTAMP COMMENT '修改时间',
  `is_delete` tinyint(1) NULL DEFAULT 0 COMMENT '是否删除 0 未删除 1 已删除',
  `delete_by` varchar(16) CHARACTER SET utf8mb4 COLLATE utf8mb4_general_ci NULL DEFAULT NULL COMMENT '删除人编码',
  `tenant_id` bigint NOT NULL COMMENT '租户ID',
  PRIMARY KEY (`id`) USING BTREE
) ENGINE = InnoDB CHARACTER SET = utf8mb4 COLLATE = utf8mb4_general_ci COMMENT = '角色' ROW_FORMAT = DYNAMIC;

-- ----------------------------
-- Records of sys_role
-- ----------------------------
INSERT INTO `sys_role` VALUES (1565322827518140417, 'ROLE_ADMIN', '超级管理员', 'CUSTOMIZES', NULL, NULL, NULL, NULL, NULL, NULL, 0, NULL, 1);
INSERT INTO `sys_role` VALUES (1589074115103707138, 'ROLE_SIMPLE', '普通用户', 'DEPT_LEVEL', NULL, NULL, NULL, NULL, NULL, NULL, 0, NULL, 1);
INSERT INTO `sys_role` VALUES (1591282373843464193, 'ROLE_MINI', '小程序游客登录用户', 'OWN', NULL, NULL, NULL, NULL, NULL, NULL, 0, NULL, 1);
INSERT INTO `sys_role` VALUES (1644533464768704514, 'ROLE_AUTH', 'Auth登录用户', 'CUSTOMIZES', NULL, NULL, NULL, NULL, NULL, NULL, 0, NULL, 1);
INSERT INTO `sys_role` VALUES (1814157530326999042, 'ROLE_DB_CONTROL', '数据权限管理者', 'ALL', NULL, NULL, NULL, NULL, NULL, NULL, 0, NULL, 1);
INSERT INTO `sys_role` VALUES (1821474143493505026, 'ROLE_1', '审批角色1', 'ALL', NULL, NULL, NULL, NULL, NULL, NULL, 0, NULL, 1);
INSERT INTO `sys_role` VALUES (1821474216864464898, 'ROLE_2', '审批角色2', 'ALL', NULL, NULL, NULL, NULL, NULL, NULL, 0, NULL, 1);
INSERT INTO `sys_role` VALUES (1821474319369060354, 'ROLE_3', '审批角色3', 'ALL', NULL, NULL, NULL, NULL, NULL, NULL, 0, NULL, 1);
INSERT INTO `sys_role` VALUES (1821724954446331906, 'ROLE_4', '审批角色4', 'ALL', NULL, NULL, NULL, NULL, NULL, NULL, 0, NULL, 1);

-- ----------------------------
-- Table structure for sys_role_menu
-- ----------------------------
DROP TABLE IF EXISTS `sys_role_menu`;
CREATE TABLE `sys_role_menu`  (
  `id` bigint NOT NULL COMMENT '主键ID',
  `menu_id` bigint NULL DEFAULT NULL COMMENT '菜单ID',
  `role_id` bigint NULL DEFAULT NULL COMMENT '角色ID',
  `create_by` varchar(16) CHARACTER SET utf8mb4 COLLATE utf8mb4_general_ci NULL DEFAULT NULL COMMENT '创建人编码',
  `create_name` varchar(16) CHARACTER SET utf8mb4 COLLATE utf8mb4_general_ci NULL DEFAULT NULL COMMENT '创建人姓名',
  `create_time` datetime NULL DEFAULT CURRENT_TIMESTAMP COMMENT '创建时间',
  PRIMARY KEY (`id`) USING BTREE,
  INDEX `INDEX_ROLE_ID`(`role_id` ASC) USING BTREE
) ENGINE = InnoDB CHARACTER SET = utf8mb4 COLLATE = utf8mb4_general_ci COMMENT = '角色菜单' ROW_FORMAT = DYNAMIC;

-- ----------------------------
-- Records of sys_role_menu
-- ----------------------------
INSERT INTO `sys_role_menu` VALUES (1813449294644875265, 1581966349440581634, 1644533464768704514, NULL, NULL, NULL);
INSERT INTO `sys_role_menu` VALUES (1813449294644875266, 1773244400852008961, 1644533464768704514, NULL, NULL, NULL);
INSERT INTO `sys_role_menu` VALUES (1813449294644875267, 1773244571417575425, 1644533464768704514, NULL, NULL, NULL);
INSERT INTO `sys_role_menu` VALUES (1813449294644875268, 1807352428140244993, 1644533464768704514, NULL, NULL, NULL);
INSERT INTO `sys_role_menu` VALUES (1813449294644875269, 1793490122163617793, 1644533464768704514, NULL, NULL, NULL);
INSERT INTO `sys_role_menu` VALUES (1813449294644875270, 1582607135668621314, 1644533464768704514, NULL, NULL, NULL);
INSERT INTO `sys_role_menu` VALUES (1813449294644875271, 1581965904601088001, 1644533464768704514, NULL, NULL, NULL);
INSERT INTO `sys_role_menu` VALUES (1813449294644875272, 1581965904601088002, 1644533464768704514, NULL, NULL, NULL);
INSERT INTO `sys_role_menu` VALUES (1821069672179388417, 1578702340666851329, 1565322827518140417, NULL, NULL, NULL);
INSERT INTO `sys_role_menu` VALUES (1821069672179388418, 1578702340671045634, 1565322827518140417, NULL, NULL, NULL);
INSERT INTO `sys_role_menu` VALUES (1821069672179388419, 1578702340671045635, 1565322827518140417, NULL, NULL, NULL);
INSERT INTO `sys_role_menu` VALUES (1821069672179388420, 1761982923168129025, 1565322827518140417, NULL, NULL, NULL);
INSERT INTO `sys_role_menu` VALUES (1821069672179388421, 1578702340679434241, 1565322827518140417, NULL, NULL, NULL);
INSERT INTO `sys_role_menu` VALUES (1821069672179388422, 1578702340679434243, 1565322827518140417, NULL, NULL, NULL);
INSERT INTO `sys_role_menu` VALUES (1821069672179388423, 1578702340683628545, 1565322827518140417, NULL, NULL, NULL);
INSERT INTO `sys_role_menu` VALUES (1821069672179388424, 1586717542633123841, 1565322827518140417, NULL, NULL, NULL);
INSERT INTO `sys_role_menu` VALUES (1821069672179388425, 1599935876379897858, 1565322827518140417, NULL, NULL, NULL);
INSERT INTO `sys_role_menu` VALUES (1821069672179388426, 1599936405688479746, 1565322827518140417, NULL, NULL, NULL);
INSERT INTO `sys_role_menu` VALUES (1821069672179388427, 1578702340624908290, 1565322827518140417, NULL, NULL, NULL);
INSERT INTO `sys_role_menu` VALUES (1821069672246497281, 1578702340620713988, 1565322827518140417, NULL, NULL, NULL);
INSERT INTO `sys_role_menu` VALUES (1821069672246497282, 1587692336744742913, 1565322827518140417, NULL, NULL, NULL);
INSERT INTO `sys_role_menu` VALUES (1821069672246497283, 1578702340620713987, 1565322827518140417, NULL, NULL, NULL);
INSERT INTO `sys_role_menu` VALUES (1821069672246497284, 1601081152259891202, 1565322827518140417, NULL, NULL, NULL);
INSERT INTO `sys_role_menu` VALUES (1821069672246497285, 1578702340683628546, 1565322827518140417, NULL, NULL, NULL);
INSERT INTO `sys_role_menu` VALUES (1821069672246497286, 1761982833619738625, 1565322827518140417, NULL, NULL, NULL);
INSERT INTO `sys_role_menu` VALUES (1821069672246497287, 1578702340624908293, 1565322827518140417, NULL, NULL, NULL);
INSERT INTO `sys_role_menu` VALUES (1821069672246497288, 1578702340624908291, 1565322827518140417, NULL, NULL, NULL);
INSERT INTO `sys_role_menu` VALUES (1821069672246497289, 1578702340624908292, 1565322827518140417, NULL, NULL, NULL);
INSERT INTO `sys_role_menu` VALUES (1821069672246497290, 1578702340654268416, 1565322827518140417, NULL, NULL, NULL);
INSERT INTO `sys_role_menu` VALUES (1821069672246497291, 1762353074732359681, 1565322827518140417, NULL, NULL, NULL);
INSERT INTO `sys_role_menu` VALUES (1821069672246497292, 1589181822230048770, 1565322827518140417, NULL, NULL, NULL);
INSERT INTO `sys_role_menu` VALUES (1821069672246497293, 1589181822230048771, 1565322827518140417, NULL, NULL, NULL);
INSERT INTO `sys_role_menu` VALUES (1821069672246497294, 1589181822230048772, 1565322827518140417, NULL, NULL, NULL);
INSERT INTO `sys_role_menu` VALUES (1821069672246497295, 1578702340654268418, 1565322827518140417, NULL, NULL, NULL);
INSERT INTO `sys_role_menu` VALUES (1821069672246497296, 1578702340650074114, 1565322827518140417, NULL, NULL, NULL);
INSERT INTO `sys_role_menu` VALUES (1821069672246497297, 1762353132718612482, 1565322827518140417, NULL, NULL, NULL);
INSERT INTO `sys_role_menu` VALUES (1821069672246497298, 1769913478174011393, 1565322827518140417, NULL, NULL, NULL);
INSERT INTO `sys_role_menu` VALUES (1821069672246497299, 1771092462060519425, 1565322827518140417, NULL, NULL, NULL);
INSERT INTO `sys_role_menu` VALUES (1821069672246497300, 1769932578489217025, 1565322827518140417, NULL, NULL, NULL);
INSERT INTO `sys_role_menu` VALUES (1821069672246497301, 1578702340641685505, 1565322827518140417, NULL, NULL, NULL);
INSERT INTO `sys_role_menu` VALUES (1821069672246497302, 1578702340641685506, 1565322827518140417, NULL, NULL, NULL);
INSERT INTO `sys_role_menu` VALUES (1821069672246497303, 1578702340662657026, 1565322827518140417, NULL, NULL, NULL);
INSERT INTO `sys_role_menu` VALUES (1821069672246497304, 1761982995855417346, 1565322827518140417, NULL, NULL, NULL);
INSERT INTO `sys_role_menu` VALUES (1821069672309411841, 1581843318345035778, 1565322827518140417, NULL, NULL, NULL);
INSERT INTO `sys_role_menu` VALUES (1821069672309411842, 1578702340633296899, 1565322827518140417, NULL, NULL, NULL);
INSERT INTO `sys_role_menu` VALUES (1821069672309411843, 1578702340633296898, 1565322827518140417, NULL, NULL, NULL);
INSERT INTO `sys_role_menu` VALUES (1821069672309411844, 1578702340654268412, 1565322827518140417, NULL, NULL, NULL);
INSERT INTO `sys_role_menu` VALUES (1821069672309411845, 1762353511967580162, 1565322827518140417, NULL, NULL, NULL);
INSERT INTO `sys_role_menu` VALUES (1821069672309411846, 1589181822230048781, 1565322827518140417, NULL, NULL, NULL);
INSERT INTO `sys_role_menu` VALUES (1821069672309411847, 1589181822230048782, 1565322827518140417, NULL, NULL, NULL);
INSERT INTO `sys_role_menu` VALUES (1821069672309411848, 1589181822230048783, 1565322827518140417, NULL, NULL, NULL);
INSERT INTO `sys_role_menu` VALUES (1821069672309411849, 1648569698801393666, 1565322827518140417, NULL, NULL, NULL);
INSERT INTO `sys_role_menu` VALUES (1821069672309411850, 1657464120406532098, 1565322827518140417, NULL, NULL, NULL);
INSERT INTO `sys_role_menu` VALUES (1821069672309411851, 1762353732504084481, 1565322827518140417, NULL, NULL, NULL);
INSERT INTO `sys_role_menu` VALUES (1821069672309411852, 1658346521789206529, 1565322827518140417, NULL, NULL, NULL);
INSERT INTO `sys_role_menu` VALUES (1821069672309411853, 1657464313466150914, 1565322827518140417, NULL, NULL, NULL);
INSERT INTO `sys_role_menu` VALUES (1821069672309411854, 1657464432802488321, 1565322827518140417, NULL, NULL, NULL);
INSERT INTO `sys_role_menu` VALUES (1821069672309411855, 1813427994547273729, 1565322827518140417, NULL, NULL, NULL);
INSERT INTO `sys_role_menu` VALUES (1821069672309411856, 1813429194697031681, 1565322827518140417, NULL, NULL, NULL);
INSERT INTO `sys_role_menu` VALUES (1821069672309411857, 1762353207431749631, 1565322827518140417, NULL, NULL, NULL);
INSERT INTO `sys_role_menu` VALUES (1821069672309411858, 1598222373868695551, 1565322827518140417, NULL, NULL, NULL);
INSERT INTO `sys_role_menu` VALUES (1821069672309411859, 9223372036854775807, 1565322827518140417, NULL, NULL, NULL);
INSERT INTO `sys_role_menu` VALUES (1821069672309411860, 1762353207431749633, 1565322827518140417, NULL, NULL, NULL);
INSERT INTO `sys_role_menu` VALUES (1821069672309411861, 1589789746153263106, 1565322827518140417, NULL, NULL, NULL);
INSERT INTO `sys_role_menu` VALUES (1821069672309411862, 1598222575933485057, 1565322827518140417, NULL, NULL, NULL);
INSERT INTO `sys_role_menu` VALUES (1821069672309411863, 1598222373868695553, 1565322827518140417, NULL, NULL, NULL);
INSERT INTO `sys_role_menu` VALUES (1821069672309411864, 1814127259431047169, 1565322827518140417, NULL, NULL, NULL);
INSERT INTO `sys_role_menu` VALUES (1821069672309411865, 1814127396630925314, 1565322827518140417, NULL, NULL, NULL);
INSERT INTO `sys_role_menu` VALUES (1821069672309411866, 1814129777775054850, 1565322827518140417, NULL, NULL, NULL);
INSERT INTO `sys_role_menu` VALUES (1821069672309411867, 1637297406628823041, 1565322827518140417, NULL, NULL, NULL);
INSERT INTO `sys_role_menu` VALUES (1821069672309411868, 1813418484919291905, 1565322827518140417, NULL, NULL, NULL);
INSERT INTO `sys_role_menu` VALUES (1821069672309411869, 1810587679377408001, 1565322827518140417, NULL, NULL, NULL);
INSERT INTO `sys_role_menu` VALUES (1821069672309411870, 1811245262626910210, 1565322827518140417, NULL, NULL, NULL);
INSERT INTO `sys_role_menu` VALUES (1821069672309411871, 1811245062084653057, 1565322827518140417, NULL, NULL, NULL);
INSERT INTO `sys_role_menu` VALUES (1821069672309411872, 1811276032536031234, 1565322827518140417, NULL, NULL, NULL);
INSERT INTO `sys_role_menu` VALUES (1821069672309411873, 1811244854244306945, 1565322827518140417, NULL, NULL, NULL);
INSERT INTO `sys_role_menu` VALUES (1821069672309411874, 1811295279165304834, 1565322827518140417, NULL, NULL, NULL);
INSERT INTO `sys_role_menu` VALUES (1821069672309411875, 1811295707286302721, 1565322827518140417, NULL, NULL, NULL);
INSERT INTO `sys_role_menu` VALUES (1821069672309411876, 1811295805265244162, 1565322827518140417, NULL, NULL, NULL);
INSERT INTO `sys_role_menu` VALUES (1821069672372326402, 1811295880271982594, 1565322827518140417, NULL, NULL, NULL);
INSERT INTO `sys_role_menu` VALUES (1821069672372326403, 1811295626692751361, 1565322827518140417, NULL, NULL, NULL);
INSERT INTO `sys_role_menu` VALUES (1821069672372326404, 1812002047382114305, 1565322827518140417, NULL, NULL, NULL);
INSERT INTO `sys_role_menu` VALUES (1821069672372326405, 1676117949968084994, 1565322827518140417, NULL, NULL, NULL);
INSERT INTO `sys_role_menu` VALUES (1821069672372326406, 1753664334832967682, 1565322827518140417, NULL, NULL, NULL);
INSERT INTO `sys_role_menu` VALUES (1821069672372326407, 9223372036854775120, 1565322827518140417, NULL, NULL, NULL);
INSERT INTO `sys_role_menu` VALUES (1821069672372326408, 1589181822230018782, 1565322827518140417, NULL, NULL, NULL);
INSERT INTO `sys_role_menu` VALUES (1821069672372326409, 1589181822230048178, 1565322827518140417, NULL, NULL, NULL);
INSERT INTO `sys_role_menu` VALUES (1821069672372326410, 9223372036854775119, 1565322827518140417, NULL, NULL, NULL);
INSERT INTO `sys_role_menu` VALUES (1821069672372326411, 1589181822230049781, 1565322827518140417, NULL, NULL, NULL);
INSERT INTO `sys_role_menu` VALUES (1821069672372326412, 1769605991864541186, 1565322827518140417, NULL, NULL, NULL);
INSERT INTO `sys_role_menu` VALUES (1821069672372326413, 1772119073333514242, 1565322827518140417, NULL, NULL, NULL);
INSERT INTO `sys_role_menu` VALUES (1821069672372326414, 1589181822230018781, 1565322827518140417, NULL, NULL, NULL);
INSERT INTO `sys_role_menu` VALUES (1821069672372326415, 1589181822230048172, 1565322827518140417, NULL, NULL, NULL);
INSERT INTO `sys_role_menu` VALUES (1821069672372326416, 1594135789623984129, 1565322827518140417, NULL, NULL, NULL);
INSERT INTO `sys_role_menu` VALUES (1821069672372326417, 1764834376870072321, 1565322827518140417, NULL, NULL, NULL);
INSERT INTO `sys_role_menu` VALUES (1821069672372326418, 1594532038764326666, 1565322827518140417, NULL, NULL, NULL);
INSERT INTO `sys_role_menu` VALUES (1821069672372326419, 1594532038764326913, 1565322827518140417, NULL, NULL, NULL);
INSERT INTO `sys_role_menu` VALUES (1821069672372326420, 1594531945449451666, 1565322827518140417, NULL, NULL, NULL);
INSERT INTO `sys_role_menu` VALUES (1821069672372326421, 1589181822230048778, 1565322827518140417, NULL, NULL, NULL);
INSERT INTO `sys_role_menu` VALUES (1821069672372326422, 1594135789623184129, 1565322827518140417, NULL, NULL, NULL);
INSERT INTO `sys_role_menu` VALUES (1821069672372326423, 1632642093459935231, 1565322827518140417, NULL, NULL, NULL);
INSERT INTO `sys_role_menu` VALUES (1821069672372326424, 1762353800099487746, 1565322827518140417, NULL, NULL, NULL);
INSERT INTO `sys_role_menu` VALUES (1821069672372326425, 1637647486464438273, 1565322827518140417, NULL, NULL, NULL);
INSERT INTO `sys_role_menu` VALUES (1821069672372326426, 1632642093459935232, 1565322827518140417, NULL, NULL, NULL);
INSERT INTO `sys_role_menu` VALUES (1821069672372326427, 1632642093459935239, 1565322827518140417, NULL, NULL, NULL);
INSERT INTO `sys_role_menu` VALUES (1821069672372326428, 1578702340612321378, 1565322827518140417, NULL, NULL, NULL);
INSERT INTO `sys_role_menu` VALUES (1821069672372326429, 1632642093459915239, 1565322827518140417, NULL, NULL, NULL);
INSERT INTO `sys_role_menu` VALUES (1821069672372326430, 1632642093459935236, 1565322827518140417, NULL, NULL, NULL);
INSERT INTO `sys_role_menu` VALUES (1821069672372326431, 1578702340662657027, 1565322827518140417, NULL, NULL, NULL);
INSERT INTO `sys_role_menu` VALUES (1821069672372326432, 1578702340650074115, 1565322827518140417, NULL, NULL, NULL);
INSERT INTO `sys_role_menu` VALUES (1821069672372326433, 1762353849600663553, 1565322827518140417, NULL, NULL, NULL);
INSERT INTO `sys_role_menu` VALUES (1821069672372326434, 1578702340650074116, 1565322827518140417, NULL, NULL, NULL);
INSERT INTO `sys_role_menu` VALUES (1821069672372326435, 1578702340650074117, 1565322827518140417, NULL, NULL, NULL);
INSERT INTO `sys_role_menu` VALUES (1821069672372326436, 1586717542633123843, 1565322827518140417, NULL, NULL, NULL);
INSERT INTO `sys_role_menu` VALUES (1821069672372326437, 1762354008057274370, 1565322827518140417, NULL, NULL, NULL);
INSERT INTO `sys_role_menu` VALUES (1821069672372326438, 1578702340612325378, 1565322827518140417, NULL, NULL, NULL);
INSERT INTO `sys_role_menu` VALUES (1821069672372326439, 1762353899760345089, 1565322827518140417, NULL, NULL, NULL);
INSERT INTO `sys_role_menu` VALUES (1821069672372326440, 1578702340654268411, 1565322827518140417, NULL, NULL, NULL);
INSERT INTO `sys_role_menu` VALUES (1821069672372326441, 1578702340654268417, 1565322827518140417, NULL, NULL, NULL);
INSERT INTO `sys_role_menu` VALUES (1821069672372326442, 1580357263003439106, 1565322827518140417, NULL, NULL, NULL);
INSERT INTO `sys_role_menu` VALUES (1821069672372326443, 1580357773622202370, 1565322827518140417, NULL, NULL, NULL);
INSERT INTO `sys_role_menu` VALUES (1821069672372326444, 1632642093459935234, 1565322827518140417, NULL, NULL, NULL);
INSERT INTO `sys_role_menu` VALUES (1821069672372326445, 1632642093459935235, 1565322827518140417, NULL, NULL, NULL);
INSERT INTO `sys_role_menu` VALUES (1821069672372326446, 1632642093459935256, 1565322827518140417, NULL, NULL, NULL);
INSERT INTO `sys_role_menu` VALUES (1821069672439435266, 9223372036854775121, 1565322827518140417, NULL, NULL, NULL);
INSERT INTO `sys_role_menu` VALUES (1821069672439435267, 1795361472646008833, 1565322827518140417, NULL, NULL, NULL);
INSERT INTO `sys_role_menu` VALUES (1821069672439435268, 1632950163226464257, 1565322827518140417, NULL, NULL, NULL);
INSERT INTO `sys_role_menu` VALUES (1821069672439435269, 1795343069638156290, 1565322827518140417, NULL, NULL, NULL);
INSERT INTO `sys_role_menu` VALUES (1821069672439435270, 1632925792583757826, 1565322827518140417, NULL, NULL, NULL);
INSERT INTO `sys_role_menu` VALUES (1821069672439435271, 1633338860669214722, 1565322827518140417, NULL, NULL, NULL);
INSERT INTO `sys_role_menu` VALUES (1821069672439435272, 1632925687029903361, 1565322827518140417, NULL, NULL, NULL);
INSERT INTO `sys_role_menu` VALUES (1821069672439435273, 1633285580421271553, 1565322827518140417, NULL, NULL, NULL);
INSERT INTO `sys_role_menu` VALUES (1821069672439435274, 1818532399135133698, 1565322827518140417, NULL, NULL, NULL);
INSERT INTO `sys_role_menu` VALUES (1821069672439435275, 1818527209413775362, 1565322827518140417, NULL, NULL, NULL);
INSERT INTO `sys_role_menu` VALUES (1821069672439435276, 1818527280947630081, 1565322827518140417, NULL, NULL, NULL);
INSERT INTO `sys_role_menu` VALUES (1821069672439435277, 1635920329879056385, 1565322827518140417, NULL, NULL, NULL);
INSERT INTO `sys_role_menu` VALUES (1821069672439435278, 1806128900648783874, 1565322827518140417, NULL, NULL, NULL);
INSERT INTO `sys_role_menu` VALUES (1821069672439435279, 1821003387076644866, 1565322827518140417, NULL, NULL, NULL);
INSERT INTO `sys_role_menu` VALUES (1821069672439435280, 1806941904676159490, 1565322827518140417, NULL, NULL, NULL);
INSERT INTO `sys_role_menu` VALUES (1821069672439435281, 1821000447351885826, 1565322827518140417, NULL, NULL, NULL);
INSERT INTO `sys_role_menu` VALUES (1821069672439435282, 1806942129591517186, 1565322827518140417, NULL, NULL, NULL);
INSERT INTO `sys_role_menu` VALUES (1821069672439435283, 1806942202333331457, 1565322827518140417, NULL, NULL, NULL);
INSERT INTO `sys_role_menu` VALUES (1821069672439435284, 1806949939763052546, 1565322827518140417, NULL, NULL, NULL);
INSERT INTO `sys_role_menu` VALUES (1821069672439435285, 1806950505004236802, 1565322827518140417, NULL, NULL, NULL);
INSERT INTO `sys_role_menu` VALUES (1821069672439435286, 1582554585967800321, 1565322827518140417, NULL, NULL, NULL);
INSERT INTO `sys_role_menu` VALUES (1821069672439435287, 1664159611618799618, 1565322827518140417, NULL, NULL, NULL);
INSERT INTO `sys_role_menu` VALUES (1821069672439435288, 1582555155344568321, 1565322827518140417, NULL, NULL, NULL);
INSERT INTO `sys_role_menu` VALUES (1821069672439435289, 1582558188828790785, 1565322827518140417, NULL, NULL, NULL);
INSERT INTO `sys_role_menu` VALUES (1821069672439435290, 1581966349440581634, 1565322827518140417, NULL, NULL, NULL);
INSERT INTO `sys_role_menu` VALUES (1821069672439435291, 1773244400852008961, 1565322827518140417, NULL, NULL, NULL);
INSERT INTO `sys_role_menu` VALUES (1821069672439435292, 1773244571417575425, 1565322827518140417, NULL, NULL, NULL);
INSERT INTO `sys_role_menu` VALUES (1821069672439435293, 1807352428140244993, 1565322827518140417, NULL, NULL, NULL);
INSERT INTO `sys_role_menu` VALUES (1821069672439435294, 1821069628583792641, 1565322827518140417, NULL, NULL, NULL);
INSERT INTO `sys_role_menu` VALUES (1821069672439435295, 1793490122163617793, 1565322827518140417, NULL, NULL, NULL);
INSERT INTO `sys_role_menu` VALUES (1821069672439435296, 1582607135668621314, 1565322827518140417, NULL, NULL, NULL);
INSERT INTO `sys_role_menu` VALUES (1821069672439435297, 1820728998888316929, 1565322827518140417, NULL, NULL, NULL);
INSERT INTO `sys_role_menu` VALUES (1821069672439435298, 1581965904601088001, 1565322827518140417, NULL, NULL, NULL);
INSERT INTO `sys_role_menu` VALUES (1821069672439435299, 1581965904601088002, 1565322827518140417, NULL, NULL, NULL);
INSERT INTO `sys_role_menu` VALUES (1821739893802205185, 1632925687029903361, 1821474143493505026, NULL, NULL, NULL);
INSERT INTO `sys_role_menu` VALUES (1821739893802205186, 1633285580421271553, 1821474143493505026, NULL, NULL, NULL);
INSERT INTO `sys_role_menu` VALUES (1821739893802205187, 1818532399135133698, 1821474143493505026, NULL, NULL, NULL);
INSERT INTO `sys_role_menu` VALUES (1821739893802205188, 1818527209413775362, 1821474143493505026, NULL, NULL, NULL);
INSERT INTO `sys_role_menu` VALUES (1821739893802205189, 1818527280947630081, 1821474143493505026, NULL, NULL, NULL);
INSERT INTO `sys_role_menu` VALUES (1821739893802205190, 1806128900648783874, 1821474143493505026, NULL, NULL, NULL);
INSERT INTO `sys_role_menu` VALUES (1821739893802205191, 1821003387076644866, 1821474143493505026, NULL, NULL, NULL);
INSERT INTO `sys_role_menu` VALUES (1821739893802205192, 1806941904676159490, 1821474143493505026, NULL, NULL, NULL);
INSERT INTO `sys_role_menu` VALUES (1821739893802205193, 1821000447351885826, 1821474143493505026, NULL, NULL, NULL);
INSERT INTO `sys_role_menu` VALUES (1821739893802205194, 1806942129591517186, 1821474143493505026, NULL, NULL, NULL);
INSERT INTO `sys_role_menu` VALUES (1821739893802205195, 1806942202333331457, 1821474143493505026, NULL, NULL, NULL);
INSERT INTO `sys_role_menu` VALUES (1821739945903849474, 1580357263003439106, 1821724954446331906, NULL, NULL, NULL);
INSERT INTO `sys_role_menu` VALUES (1821739945903849475, 1580357773622202370, 1821724954446331906, NULL, NULL, NULL);
INSERT INTO `sys_role_menu` VALUES (1821739945903849476, 1632642093459935234, 1821724954446331906, NULL, NULL, NULL);
INSERT INTO `sys_role_menu` VALUES (1821739945966764033, 1632642093459935235, 1821724954446331906, NULL, NULL, NULL);
INSERT INTO `sys_role_menu` VALUES (1821739945966764034, 1632642093459935256, 1821724954446331906, NULL, NULL, NULL);
INSERT INTO `sys_role_menu` VALUES (1821739945966764035, 9223372036854775121, 1821724954446331906, NULL, NULL, NULL);
INSERT INTO `sys_role_menu` VALUES (1821739945966764036, 1795361472646008833, 1821724954446331906, NULL, NULL, NULL);
INSERT INTO `sys_role_menu` VALUES (1821739945966764037, 1632950163226464257, 1821724954446331906, NULL, NULL, NULL);
INSERT INTO `sys_role_menu` VALUES (1821739945966764038, 1795343069638156290, 1821724954446331906, NULL, NULL, NULL);
INSERT INTO `sys_role_menu` VALUES (1821739945966764039, 1632925792583757826, 1821724954446331906, NULL, NULL, NULL);
INSERT INTO `sys_role_menu` VALUES (1821739945966764040, 1633338860669214722, 1821724954446331906, NULL, NULL, NULL);
INSERT INTO `sys_role_menu` VALUES (1821739945966764041, 1632925687029903361, 1821724954446331906, NULL, NULL, NULL);
INSERT INTO `sys_role_menu` VALUES (1821739945966764042, 1633285580421271553, 1821724954446331906, NULL, NULL, NULL);
INSERT INTO `sys_role_menu` VALUES (1821739945966764043, 1818532399135133698, 1821724954446331906, NULL, NULL, NULL);
INSERT INTO `sys_role_menu` VALUES (1821739945966764044, 1818527209413775362, 1821724954446331906, NULL, NULL, NULL);
INSERT INTO `sys_role_menu` VALUES (1821739945966764045, 1818527280947630081, 1821724954446331906, NULL, NULL, NULL);
INSERT INTO `sys_role_menu` VALUES (1821739945966764046, 1635920329879056385, 1821724954446331906, NULL, NULL, NULL);
INSERT INTO `sys_role_menu` VALUES (1821739945966764047, 1806128900648783874, 1821724954446331906, NULL, NULL, NULL);
INSERT INTO `sys_role_menu` VALUES (1821739945966764048, 1821003387076644866, 1821724954446331906, NULL, NULL, NULL);
INSERT INTO `sys_role_menu` VALUES (1821739945966764049, 1806941904676159490, 1821724954446331906, NULL, NULL, NULL);
INSERT INTO `sys_role_menu` VALUES (1821739945966764050, 1821000447351885826, 1821724954446331906, NULL, NULL, NULL);
INSERT INTO `sys_role_menu` VALUES (1821739945966764051, 1806942129591517186, 1821724954446331906, NULL, NULL, NULL);
INSERT INTO `sys_role_menu` VALUES (1821739945966764052, 1806942202333331457, 1821724954446331906, NULL, NULL, NULL);
INSERT INTO `sys_role_menu` VALUES (1821739969035436034, 1580357263003439106, 1821474216864464898, NULL, NULL, NULL);
INSERT INTO `sys_role_menu` VALUES (1821739969098350594, 1580357773622202370, 1821474216864464898, NULL, NULL, NULL);
INSERT INTO `sys_role_menu` VALUES (1821739969098350595, 1632642093459935234, 1821474216864464898, NULL, NULL, NULL);
INSERT INTO `sys_role_menu` VALUES (1821739969098350596, 1632642093459935235, 1821474216864464898, NULL, NULL, NULL);
INSERT INTO `sys_role_menu` VALUES (1821739969098350597, 1632642093459935256, 1821474216864464898, NULL, NULL, NULL);
INSERT INTO `sys_role_menu` VALUES (1821739969098350598, 9223372036854775121, 1821474216864464898, NULL, NULL, NULL);
INSERT INTO `sys_role_menu` VALUES (1821739969098350599, 1795361472646008833, 1821474216864464898, NULL, NULL, NULL);
INSERT INTO `sys_role_menu` VALUES (1821739969098350600, 1632950163226464257, 1821474216864464898, NULL, NULL, NULL);
INSERT INTO `sys_role_menu` VALUES (1821739969098350601, 1795343069638156290, 1821474216864464898, NULL, NULL, NULL);
INSERT INTO `sys_role_menu` VALUES (1821739969098350602, 1632925792583757826, 1821474216864464898, NULL, NULL, NULL);
INSERT INTO `sys_role_menu` VALUES (1821739969098350603, 1633338860669214722, 1821474216864464898, NULL, NULL, NULL);
INSERT INTO `sys_role_menu` VALUES (1821739969098350604, 1632925687029903361, 1821474216864464898, NULL, NULL, NULL);
INSERT INTO `sys_role_menu` VALUES (1821739969098350605, 1633285580421271553, 1821474216864464898, NULL, NULL, NULL);
INSERT INTO `sys_role_menu` VALUES (1821739969098350606, 1818532399135133698, 1821474216864464898, NULL, NULL, NULL);
INSERT INTO `sys_role_menu` VALUES (1821739969098350607, 1818527209413775362, 1821474216864464898, NULL, NULL, NULL);
INSERT INTO `sys_role_menu` VALUES (1821739969098350608, 1818527280947630081, 1821474216864464898, NULL, NULL, NULL);
INSERT INTO `sys_role_menu` VALUES (1821739969098350609, 1635920329879056385, 1821474216864464898, NULL, NULL, NULL);
INSERT INTO `sys_role_menu` VALUES (1821739969098350610, 1806128900648783874, 1821474216864464898, NULL, NULL, NULL);
INSERT INTO `sys_role_menu` VALUES (1821739969098350611, 1821003387076644866, 1821474216864464898, NULL, NULL, NULL);
INSERT INTO `sys_role_menu` VALUES (1821739969098350612, 1806941904676159490, 1821474216864464898, NULL, NULL, NULL);
INSERT INTO `sys_role_menu` VALUES (1821739969098350613, 1821000447351885826, 1821474216864464898, NULL, NULL, NULL);
INSERT INTO `sys_role_menu` VALUES (1821739969098350614, 1806942129591517186, 1821474216864464898, NULL, NULL, NULL);
INSERT INTO `sys_role_menu` VALUES (1821739969098350615, 1806942202333331457, 1821474216864464898, NULL, NULL, NULL);
INSERT INTO `sys_role_menu` VALUES (1821740008776466434, 1580357263003439106, 1821474319369060354, NULL, NULL, NULL);
INSERT INTO `sys_role_menu` VALUES (1821740008776466435, 1580357773622202370, 1821474319369060354, NULL, NULL, NULL);
INSERT INTO `sys_role_menu` VALUES (1821740008776466436, 1632642093459935234, 1821474319369060354, NULL, NULL, NULL);
INSERT INTO `sys_role_menu` VALUES (1821740008776466437, 1632642093459935235, 1821474319369060354, NULL, NULL, NULL);
INSERT INTO `sys_role_menu` VALUES (1821740008776466438, 1632642093459935256, 1821474319369060354, NULL, NULL, NULL);
INSERT INTO `sys_role_menu` VALUES (1821740008776466439, 9223372036854775121, 1821474319369060354, NULL, NULL, NULL);
INSERT INTO `sys_role_menu` VALUES (1821740008776466440, 1795361472646008833, 1821474319369060354, NULL, NULL, NULL);
INSERT INTO `sys_role_menu` VALUES (1821740008776466441, 1632950163226464257, 1821474319369060354, NULL, NULL, NULL);
INSERT INTO `sys_role_menu` VALUES (1821740008776466442, 1795343069638156290, 1821474319369060354, NULL, NULL, NULL);
INSERT INTO `sys_role_menu` VALUES (1821740008776466443, 1632925792583757826, 1821474319369060354, NULL, NULL, NULL);
INSERT INTO `sys_role_menu` VALUES (1821740008776466444, 1633338860669214722, 1821474319369060354, NULL, NULL, NULL);
INSERT INTO `sys_role_menu` VALUES (1821740008776466445, 1632925687029903361, 1821474319369060354, NULL, NULL, NULL);
INSERT INTO `sys_role_menu` VALUES (1821740008776466446, 1633285580421271553, 1821474319369060354, NULL, NULL, NULL);
INSERT INTO `sys_role_menu` VALUES (1821740008776466447, 1818532399135133698, 1821474319369060354, NULL, NULL, NULL);
INSERT INTO `sys_role_menu` VALUES (1821740008776466448, 1818527209413775362, 1821474319369060354, NULL, NULL, NULL);
INSERT INTO `sys_role_menu` VALUES (1821740008776466449, 1818527280947630081, 1821474319369060354, NULL, NULL, NULL);
INSERT INTO `sys_role_menu` VALUES (1821740008776466450, 1635920329879056385, 1821474319369060354, NULL, NULL, NULL);
INSERT INTO `sys_role_menu` VALUES (1821740008776466451, 1806128900648783874, 1821474319369060354, NULL, NULL, NULL);
INSERT INTO `sys_role_menu` VALUES (1821740008776466452, 1821003387076644866, 1821474319369060354, NULL, NULL, NULL);
INSERT INTO `sys_role_menu` VALUES (1821740008776466453, 1806941904676159490, 1821474319369060354, NULL, NULL, NULL);
INSERT INTO `sys_role_menu` VALUES (1821740008776466454, 1821000447351885826, 1821474319369060354, NULL, NULL, NULL);
INSERT INTO `sys_role_menu` VALUES (1821740008776466455, 1806942129591517186, 1821474319369060354, NULL, NULL, NULL);
INSERT INTO `sys_role_menu` VALUES (1821740008776466456, 1806942202333331457, 1821474319369060354, NULL, NULL, NULL);
INSERT INTO `sys_role_menu` VALUES (1821740034663710721, 1580357263003439106, 1589074115103707138, NULL, NULL, NULL);
INSERT INTO `sys_role_menu` VALUES (1821740034663710722, 1580357773622202370, 1589074115103707138, NULL, NULL, NULL);
INSERT INTO `sys_role_menu` VALUES (1821740034663710723, 1632642093459935234, 1589074115103707138, NULL, NULL, NULL);
INSERT INTO `sys_role_menu` VALUES (1821740034663710724, 1632642093459935235, 1589074115103707138, NULL, NULL, NULL);
INSERT INTO `sys_role_menu` VALUES (1821740034663710725, 1632642093459935256, 1589074115103707138, NULL, NULL, NULL);
INSERT INTO `sys_role_menu` VALUES (1821740034663710726, 9223372036854775121, 1589074115103707138, NULL, NULL, NULL);
INSERT INTO `sys_role_menu` VALUES (1821740034726625282, 1795361472646008833, 1589074115103707138, NULL, NULL, NULL);
INSERT INTO `sys_role_menu` VALUES (1821740034726625283, 1632950163226464257, 1589074115103707138, NULL, NULL, NULL);
INSERT INTO `sys_role_menu` VALUES (1821740034726625284, 1795343069638156290, 1589074115103707138, NULL, NULL, NULL);
INSERT INTO `sys_role_menu` VALUES (1821740034726625285, 1632925792583757826, 1589074115103707138, NULL, NULL, NULL);
INSERT INTO `sys_role_menu` VALUES (1821740034726625286, 1633338860669214722, 1589074115103707138, NULL, NULL, NULL);
INSERT INTO `sys_role_menu` VALUES (1821740034726625287, 1632925687029903361, 1589074115103707138, NULL, NULL, NULL);
INSERT INTO `sys_role_menu` VALUES (1821740034726625288, 1633285580421271553, 1589074115103707138, NULL, NULL, NULL);
INSERT INTO `sys_role_menu` VALUES (1821740034726625289, 1818532399135133698, 1589074115103707138, NULL, NULL, NULL);
INSERT INTO `sys_role_menu` VALUES (1821740034726625290, 1818527209413775362, 1589074115103707138, NULL, NULL, NULL);
INSERT INTO `sys_role_menu` VALUES (1821740034726625291, 1818527280947630081, 1589074115103707138, NULL, NULL, NULL);
INSERT INTO `sys_role_menu` VALUES (1821740034726625292, 1635920329879056385, 1589074115103707138, NULL, NULL, NULL);
INSERT INTO `sys_role_menu` VALUES (1821740034726625293, 1806128900648783874, 1589074115103707138, NULL, NULL, NULL);
INSERT INTO `sys_role_menu` VALUES (1821740034726625294, 1821003387076644866, 1589074115103707138, NULL, NULL, NULL);
INSERT INTO `sys_role_menu` VALUES (1821740034726625295, 1806941904676159490, 1589074115103707138, NULL, NULL, NULL);
INSERT INTO `sys_role_menu` VALUES (1821740034726625296, 1821000447351885826, 1589074115103707138, NULL, NULL, NULL);
INSERT INTO `sys_role_menu` VALUES (1821740034726625297, 1806942129591517186, 1589074115103707138, NULL, NULL, NULL);
INSERT INTO `sys_role_menu` VALUES (1821740034726625298, 1806942202333331457, 1589074115103707138, NULL, NULL, NULL);
INSERT INTO `sys_role_menu` VALUES (1821740034726625299, 1806949939763052546, 1589074115103707138, NULL, NULL, NULL);
INSERT INTO `sys_role_menu` VALUES (1821740034726625300, 1806950505004236802, 1589074115103707138, NULL, NULL, NULL);
INSERT INTO `sys_role_menu` VALUES (1821740034726625301, 1582554585967800321, 1589074115103707138, NULL, NULL, NULL);
INSERT INTO `sys_role_menu` VALUES (1821740034726625302, 1664159611618799618, 1589074115103707138, NULL, NULL, NULL);
INSERT INTO `sys_role_menu` VALUES (1821740034726625303, 1582555155344568321, 1589074115103707138, NULL, NULL, NULL);
INSERT INTO `sys_role_menu` VALUES (1821740034726625304, 1582558188828790785, 1589074115103707138, NULL, NULL, NULL);
INSERT INTO `sys_role_menu` VALUES (1821740034726625305, 1581966349440581634, 1589074115103707138, NULL, NULL, NULL);
INSERT INTO `sys_role_menu` VALUES (1821740034726625306, 1773244400852008961, 1589074115103707138, NULL, NULL, NULL);
INSERT INTO `sys_role_menu` VALUES (1821740034726625307, 1773244571417575425, 1589074115103707138, NULL, NULL, NULL);
INSERT INTO `sys_role_menu` VALUES (1821740034726625308, 1807352428140244993, 1589074115103707138, NULL, NULL, NULL);
INSERT INTO `sys_role_menu` VALUES (1821740034726625309, 1821069628583792641, 1589074115103707138, NULL, NULL, NULL);
INSERT INTO `sys_role_menu` VALUES (1821740034726625310, 1793490122163617793, 1589074115103707138, NULL, NULL, NULL);
INSERT INTO `sys_role_menu` VALUES (1821740034726625311, 1582607135668621314, 1589074115103707138, NULL, NULL, NULL);
INSERT INTO `sys_role_menu` VALUES (1821740034726625312, 1820728998888316929, 1589074115103707138, NULL, NULL, NULL);
INSERT INTO `sys_role_menu` VALUES (1821740034726625313, 1581965904601088001, 1589074115103707138, NULL, NULL, NULL);
INSERT INTO `sys_role_menu` VALUES (1821740034726625314, 1581965904601088002, 1589074115103707138, NULL, NULL, NULL);

-- ----------------------------
-- Table structure for sys_role_menu_column
-- ----------------------------
DROP TABLE IF EXISTS `sys_role_menu_column`;
CREATE TABLE `sys_role_menu_column`  (
  `id` bigint NOT NULL COMMENT '主键ID',
  `menu` varchar(128) CHARACTER SET utf8mb4 COLLATE utf8mb4_general_ci NULL DEFAULT NULL COMMENT '菜单名称',
  `role_id` bigint NULL DEFAULT NULL COMMENT '角色ID',
  `create_by` varchar(16) CHARACTER SET utf8mb4 COLLATE utf8mb4_general_ci NULL DEFAULT NULL COMMENT '创建人编码',
  `create_name` varchar(16) CHARACTER SET utf8mb4 COLLATE utf8mb4_general_ci NULL DEFAULT NULL COMMENT '创建人姓名',
  `create_time` datetime NULL DEFAULT CURRENT_TIMESTAMP COMMENT '创建时间',
  PRIMARY KEY (`id`) USING BTREE
) ENGINE = InnoDB CHARACTER SET = utf8mb4 COLLATE = utf8mb4_general_ci COMMENT = '角色菜单列权限' ROW_FORMAT = DYNAMIC;

-- ----------------------------
-- Records of sys_role_menu_column
-- ----------------------------
INSERT INTO `sys_role_menu_column` VALUES (1818128686977486851, 'User', 1565322827518140417, 'admin', 'admin', '2024-07-30 11:37:13');
INSERT INTO `sys_role_menu_column` VALUES (1818128686977486852, 'UserRole', 1565322827518140417, 'admin', 'admin', '2024-07-30 11:37:13');
INSERT INTO `sys_role_menu_column` VALUES (1818128686977486853, 'Menu', 1565322827518140417, 'admin', 'admin', '2024-07-30 11:37:13');
INSERT INTO `sys_role_menu_column` VALUES (1818128686977486854, 'Post', 1565322827518140417, 'admin', 'admin', '2024-07-30 11:37:13');
INSERT INTO `sys_role_menu_column` VALUES (1818128686977486855, 'Role', 1565322827518140417, 'admin', 'admin', '2024-07-30 11:37:13');
INSERT INTO `sys_role_menu_column` VALUES (1818128686977486856, 'Dept', 1565322827518140417, 'admin', 'admin', '2024-07-30 11:37:13');
INSERT INTO `sys_role_menu_column` VALUES (1818128686977486857, 'Tenant', 1565322827518140417, 'admin', 'admin', '2024-07-30 11:37:13');
INSERT INTO `sys_role_menu_column` VALUES (1818128686977486858, 'Client', 1565322827518140417, 'admin', 'admin', '2024-07-30 11:37:13');
INSERT INTO `sys_role_menu_column` VALUES (1818128686977486860, 'MenuColumn', 1565322827518140417, 'admin', 'admin', '2024-07-30 11:37:13');
INSERT INTO `sys_role_menu_column` VALUES (1818128686977486861, 'RowPermission', 1565322827518140417, 'admin', 'admin', '2024-07-30 11:37:13');
INSERT INTO `sys_role_menu_column` VALUES (1818128686977486862, 'Tables', 1565322827518140417, 'admin', 'admin', '2024-07-30 11:37:13');
INSERT INTO `sys_role_menu_column` VALUES (1818128686977486864, 'EmailConfig', 1565322827518140417, 'admin', 'admin', '2024-07-30 11:37:13');
INSERT INTO `sys_role_menu_column` VALUES (1818128686977486865, 'MSubject', 1565322827518140417, 'admin', 'admin', '2024-07-30 11:37:13');
INSERT INTO `sys_role_menu_column` VALUES (1818128686977486866, 'UserEmail', 1565322827518140417, 'admin', 'admin', '2024-07-30 11:37:13');
INSERT INTO `sys_role_menu_column` VALUES (1818128686977486867, 'UserMsg', 1565322827518140417, 'admin', 'admin', '2024-07-30 11:37:13');
INSERT INTO `sys_role_menu_column` VALUES (1818128686977486868, 'Msg', 1565322827518140417, 'admin', 'admin', '2024-07-30 11:37:13');
INSERT INTO `sys_role_menu_column` VALUES (1818128686977486869, 'File', 1565322827518140417, 'admin', 'admin', '2024-07-30 11:37:13');
INSERT INTO `sys_role_menu_column` VALUES (1818128686977486870, 'Job', 1565322827518140417, 'admin', 'admin', '2024-07-30 11:37:13');
INSERT INTO `sys_role_menu_column` VALUES (1818128686977486871, 'JLog', 1565322827518140417, 'admin', 'admin', '2024-07-30 11:37:13');
INSERT INTO `sys_role_menu_column` VALUES (1818128686977486872, 'Dict', 1565322827518140417, 'admin', 'admin', '2024-07-30 11:37:13');
INSERT INTO `sys_role_menu_column` VALUES (1818128686977486873, 'DictItem', 1565322827518140417, 'admin', 'admin', '2024-07-30 11:37:13');
INSERT INTO `sys_role_menu_column` VALUES (1818128686977486874, 'Log', 1565322827518140417, 'admin', 'admin', '2024-07-30 11:37:13');
INSERT INTO `sys_role_menu_column` VALUES (1818128686977486875, 'Category', 1565322827518140417, 'admin', 'admin', '2024-07-30 11:37:13');
INSERT INTO `sys_role_menu_column` VALUES (1818128686977486876, 'Definition', 1565322827518140417, 'admin', 'admin', '2024-07-30 11:37:13');
INSERT INTO `sys_role_menu_column` VALUES (1818128686977486877, 'Instance', 1565322827518140417, 'admin', 'admin', '2024-07-30 11:37:13');
INSERT INTO `sys_role_menu_column` VALUES (1818128686977486878, 'Todo', 1565322827518140417, 'admin', 'admin', '2024-07-30 11:37:13');
INSERT INTO `sys_role_menu_column` VALUES (1818128686977486879, 'Completed', 1565322827518140417, 'admin', 'admin', '2024-07-30 11:37:13');
INSERT INTO `sys_role_menu_column` VALUES (1818128686977486880, 'History', 1565322827518140417, 'admin', 'admin', '2024-07-30 11:37:13');
INSERT INTO `sys_role_menu_column` VALUES (1818128686977486881, 'Leave', 1565322827518140417, 'admin', 'admin', '2024-07-30 11:37:13');

-- ----------------------------
-- Table structure for sys_role_row_permission
-- ----------------------------
DROP TABLE IF EXISTS `sys_role_row_permission`;
CREATE TABLE `sys_role_row_permission`  (
  `id` bigint NOT NULL COMMENT '主键ID',
  `permission_id` bigint NULL DEFAULT NULL COMMENT '规则权限ID',
  `role_id` bigint NULL DEFAULT NULL COMMENT '角色ID',
  `create_by` varchar(16) CHARACTER SET utf8mb4 COLLATE utf8mb4_general_ci NULL DEFAULT NULL COMMENT '创建人编码',
  `create_name` varchar(16) CHARACTER SET utf8mb4 COLLATE utf8mb4_general_ci NULL DEFAULT NULL COMMENT '创建人姓名',
  `create_time` datetime NULL DEFAULT CURRENT_TIMESTAMP COMMENT '创建时间',
  PRIMARY KEY (`id`) USING BTREE
) ENGINE = InnoDB CHARACTER SET = utf8mb4 COLLATE = utf8mb4_general_ci COMMENT = '角色权限' ROW_FORMAT = DYNAMIC;

-- ----------------------------
-- Records of sys_role_row_permission
-- ----------------------------
INSERT INTO `sys_role_row_permission` VALUES (1813835790275133442, 1770375030740193281, 1565322827518140417, NULL, NULL, NULL);

-- ----------------------------
-- Table structure for sys_row_permission
-- ----------------------------
DROP TABLE IF EXISTS `sys_row_permission`;
CREATE TABLE `sys_row_permission`  (
  `id` bigint NOT NULL,
  `permission_name` varchar(32) CHARACTER SET utf8mb4 COLLATE utf8mb4_general_ci NULL DEFAULT NULL COMMENT '权限名称',
  `permission_code` varchar(32) CHARACTER SET utf8mb4 COLLATE utf8mb4_general_ci NULL DEFAULT NULL COMMENT '权限标识 ALL 全部 DEPT_LEVEL 部门 DEPT_AND_LOWER_LEVEL 部门和子部门 OWN 自己 DIY_DEPT 自定义部门 DIY 自定义',
  `customizes_type` varchar(25) CHARACTER SET utf8mb4 COLLATE utf8mb4_general_ci NOT NULL COMMENT 'USER DEPT',
  `permissions` json NULL COMMENT '权限',
  `create_by` varchar(16) CHARACTER SET utf8mb4 COLLATE utf8mb4_general_ci NULL DEFAULT NULL COMMENT '创建人编码',
  `create_name` varchar(16) CHARACTER SET utf8mb4 COLLATE utf8mb4_general_ci NULL DEFAULT NULL COMMENT '创建人姓名',
  `create_time` datetime NULL DEFAULT CURRENT_TIMESTAMP ON UPDATE CURRENT_TIMESTAMP COMMENT '创建时间',
  `update_by` varchar(16) CHARACTER SET utf8mb4 COLLATE utf8mb4_general_ci NULL DEFAULT NULL COMMENT '修改人编码',
  `update_name` varchar(16) CHARACTER SET utf8mb4 COLLATE utf8mb4_general_ci NULL DEFAULT NULL COMMENT '修改人名称',
  `update_time` datetime NULL DEFAULT NULL ON UPDATE CURRENT_TIMESTAMP COMMENT '修改时间',
  `is_delete` tinyint(1) NULL DEFAULT 0 COMMENT '是否删除 0 未删除 1 已删除',
  `delete_by` varchar(16) CHARACTER SET utf8mb4 COLLATE utf8mb4_general_ci NULL DEFAULT NULL COMMENT '删除人编码',
  `tenant_id` bigint NOT NULL COMMENT '租户ID',
  PRIMARY KEY (`id`) USING BTREE
) ENGINE = InnoDB CHARACTER SET = utf8mb4 COLLATE = utf8mb4_general_ci COMMENT = '行级数据权限规则' ROW_FORMAT = DYNAMIC;

-- ----------------------------
-- Records of sys_row_permission
-- ----------------------------
INSERT INTO `sys_row_permission` VALUES (1770375030740193281, '用户数据权限测试', 'USER_TEST', 'USER', '[\"1111111111111111112\"]', NULL, NULL, NULL, NULL, NULL, NULL, 0, NULL, 1);
INSERT INTO `sys_row_permission` VALUES (1770381218118750209, '部门数据权限测试', 'DEPT_TEST', 'DEPT', '[\"1581851971500371970\", \"1601579970948726786\", \"1601579918477983745\"]', NULL, NULL, NULL, NULL, NULL, NULL, 0, NULL, 1);

-- ----------------------------
-- Table structure for sys_tenant
-- ----------------------------
DROP TABLE IF EXISTS `sys_tenant`;
CREATE TABLE `sys_tenant`  (
  `id` bigint NOT NULL COMMENT '主键ID',
  `tenant_code` varchar(128) CHARACTER SET utf8mb4 COLLATE utf8mb4_general_ci NULL DEFAULT NULL COMMENT '租户编码',
  `tenant_name` varchar(128) CHARACTER SET utf8mb4 COLLATE utf8mb4_general_ci NULL DEFAULT NULL COMMENT '租户名称',
  `create_by` varchar(16) CHARACTER SET utf8mb4 COLLATE utf8mb4_general_ci NULL DEFAULT NULL COMMENT '创建人编码',
  `create_name` varchar(16) CHARACTER SET utf8mb4 COLLATE utf8mb4_general_ci NULL DEFAULT NULL COMMENT '创建人姓名',
  `create_time` datetime NULL DEFAULT CURRENT_TIMESTAMP COMMENT '创建时间',
  `update_by` varchar(16) CHARACTER SET utf8mb4 COLLATE utf8mb4_general_ci NULL DEFAULT NULL COMMENT '修改人编码',
  `update_name` varchar(16) CHARACTER SET utf8mb4 COLLATE utf8mb4_general_ci NULL DEFAULT NULL COMMENT '修改人名称',
  `update_time` datetime NULL DEFAULT NULL ON UPDATE CURRENT_TIMESTAMP COMMENT '修改时间',
  `is_delete` tinyint(1) NULL DEFAULT 0 COMMENT '是否删除 0 未删除 1 已删除',
  `delete_by` varchar(16) CHARACTER SET utf8mb4 COLLATE utf8mb4_general_ci NULL DEFAULT NULL COMMENT '删除人编码',
  PRIMARY KEY (`id`) USING BTREE
) ENGINE = InnoDB CHARACTER SET = utf8mb4 COLLATE = utf8mb4_general_ci COMMENT = '租户' ROW_FORMAT = DYNAMIC;

-- ----------------------------
-- Records of sys_tenant
-- ----------------------------
INSERT INTO `sys_tenant` VALUES (1, 'GS', '公司', NULL, NULL, NULL, NULL, NULL, NULL, 0, NULL);
INSERT INTO `sys_tenant` VALUES (1643796095560044546, 'FDS', '分公司', NULL, NULL, NULL, NULL, NULL, NULL, 0, NULL);

-- ----------------------------
-- Table structure for sys_user
-- ----------------------------
DROP TABLE IF EXISTS `sys_user`;
CREATE TABLE `sys_user`  (
  `id` bigint NOT NULL AUTO_INCREMENT COMMENT '主键ID',
  `username` varchar(32) CHARACTER SET utf8mb4 COLLATE utf8mb4_general_ci NOT NULL COMMENT '用户姓名',
  `user_code` varchar(32) CHARACTER SET utf8mb4 COLLATE utf8mb4_general_ci NULL DEFAULT NULL COMMENT '用户编码',
  `display_name` varchar(32) CHARACTER SET utf8mb4 COLLATE utf8mb4_general_ci NOT NULL COMMENT '登录账户名称',
  `avatar` varchar(255) CHARACTER SET utf8mb4 COLLATE utf8mb4_general_ci NULL DEFAULT NULL COMMENT '头像地址',
  `avatar_file_id` bigint NULL DEFAULT NULL COMMENT '头像文件ID',
  `password` varchar(256) CHARACTER SET utf8mb4 COLLATE utf8mb4_general_ci NOT NULL COMMENT '登录密码',
  `post_id` bigint NULL DEFAULT NULL COMMENT '岗位ID',
  `dept_id` bigint NULL DEFAULT NULL COMMENT '部门ID',
  `sex` int NULL DEFAULT NULL COMMENT '性别 0 女性 1 男性',
  `id_card` varchar(32) CHARACTER SET utf8mb4 COLLATE utf8mb4_general_ci NULL DEFAULT NULL COMMENT '身份证号',
  `phone` varchar(11) CHARACTER SET utf8mb4 COLLATE utf8mb4_general_ci NULL DEFAULT NULL COMMENT '手机号',
  `open_id` varchar(32) CHARACTER SET utf8mb4 COLLATE utf8mb4_general_ci NULL DEFAULT NULL COMMENT '微信OpenID',
  `email` varchar(128) CHARACTER SET utf8mb4 COLLATE utf8mb4_general_ci NULL DEFAULT NULL COMMENT '邮件',
  `is_lock` int NULL DEFAULT 0 COMMENT '锁定',
  `create_by` varchar(16) CHARACTER SET utf8mb4 COLLATE utf8mb4_general_ci NULL DEFAULT NULL COMMENT '创建人编码',
  `create_name` varchar(16) CHARACTER SET utf8mb4 COLLATE utf8mb4_general_ci NULL DEFAULT NULL COMMENT '创建人姓名',
  `create_time` datetime NULL DEFAULT CURRENT_TIMESTAMP COMMENT '创建时间',
  `update_by` varchar(16) CHARACTER SET utf8mb4 COLLATE utf8mb4_general_ci NULL DEFAULT NULL COMMENT '修改人编码',
  `update_name` varchar(16) CHARACTER SET utf8mb4 COLLATE utf8mb4_general_ci NULL DEFAULT NULL COMMENT '修改人名称',
  `update_time` datetime NULL DEFAULT CURRENT_TIMESTAMP ON UPDATE CURRENT_TIMESTAMP COMMENT '修改时间',
  `is_delete` tinyint(1) NULL DEFAULT 0 COMMENT '是否删除 0 未删除 1 已删除',
  `delete_by` varchar(16) CHARACTER SET utf8mb4 COLLATE utf8mb4_general_ci NULL DEFAULT NULL COMMENT '删除人编码',
  `tenant_id` bigint NOT NULL COMMENT '租户ID',
  PRIMARY KEY (`id`) USING BTREE
) ENGINE = InnoDB AUTO_INCREMENT = 1759838438015459330 CHARACTER SET = utf8mb4 COLLATE = utf8mb4_general_ci COMMENT = '用户' ROW_FORMAT = DYNAMIC;

-- ----------------------------
-- Records of sys_user
-- ----------------------------
INSERT INTO `sys_user` VALUES (1111111111111111111, 'admin', 'admin', '超级管理员', 'http://localhost:9092/system/202471953775b877aba42a997fe24c4987d4862/logo-with-shadow.png', 1814099987173003266, '{bcrypt}$2a$10$An69KbzJaPxu/E60d/r/zO4Tgy2fa0svuMAu1XybtzPpDI2kwgqt6', 1591377257933819906, 1581851971500371970, 0, 'NAN', '1781*****78', '123123', 'b************@foxmail.com', 0, NULL, NULL, NULL, NULL, NULL, NULL, 0, NULL, 1);
INSERT INTO `sys_user` VALUES (1111111111111111112, 'user1', 'user1', '审批用户1', 'http://localhost:9092/system/2024717e8e74b1c052f429a9dfe01681ae329cd/logo-with-shadow.png', 1813402252472057857, '{bcrypt}$2a$10$e3wi2/FJdX8Fb8FCQUi4UuKEYMQbjaHfLLR5UHmIqUVmZVLk5TG8S', 1630094545759137794, 1581851971500371970, 1, 'NAN', '1781*****71', '1231231', 'b***********@foxmail.com', 0, NULL, NULL, NULL, NULL, NULL, NULL, 0, NULL, 1);
INSERT INTO `sys_user` VALUES (1111111111111111113, 'user2', 'user2', '审批用户2', 'http://localhost:9092/system/2024717e8e74b1c052f429a9dfe01681ae329cd/logo-with-shadow.png', 1813402252472057857, '{bcrypt}$2a$10$e3wi2/FJdX8Fb8FCQUi4UuKEYMQbjaHfLLR5UHmIqUVmZVLk5TG8S', 1630094545759137794, 1581851971500371970, 1, 'NAN', '1781*****71', '1231231', 'b***********@foxmail.com', 0, NULL, NULL, NULL, NULL, NULL, NULL, 0, NULL, 1);
INSERT INTO `sys_user` VALUES (1111111111111111114, 'user3', 'user3', '审批用户3', 'http://localhost:9092/system/2024717e8e74b1c052f429a9dfe01681ae329cd/logo-with-shadow.png', 1813402252472057857, '{bcrypt}$2a$10$e3wi2/FJdX8Fb8FCQUi4UuKEYMQbjaHfLLR5UHmIqUVmZVLk5TG8S', 1630094545759137794, 1581851971500371970, 1, 'NAN', '1781*****71', '1231231', 'b***********@foxmail.com', 0, NULL, NULL, NULL, NULL, NULL, NULL, 0, NULL, 1);
INSERT INTO `sys_user` VALUES (1111111111111111115, 'user4', 'user4', '审批用户4', 'http://localhost:9092/system/2024717e8e74b1c052f429a9dfe01681ae329cd/logo-with-shadow.png', 1813402252472057857, '{bcrypt}$2a$10$e3wi2/FJdX8Fb8FCQUi4UuKEYMQbjaHfLLR5UHmIqUVmZVLk5TG8S', 1630094545759137794, 1581851971500371970, 1, 'NAN', '1781*****71', '1231231', 'b***********@foxmail.com', 0, NULL, NULL, NULL, NULL, NULL, NULL, 0, NULL, 1);

-- ----------------------------
-- Table structure for sys_user_role
-- ----------------------------
DROP TABLE IF EXISTS `sys_user_role`;
CREATE TABLE `sys_user_role`  (
  `id` bigint NOT NULL COMMENT '主键ID',
  `user_id` bigint NULL DEFAULT NULL COMMENT '用户ID',
  `role_id` bigint NULL DEFAULT NULL COMMENT '角色ID',
  `create_by` varchar(16) CHARACTER SET utf8mb4 COLLATE utf8mb4_general_ci NULL DEFAULT NULL COMMENT '创建人编码',
  `create_name` varchar(16) CHARACTER SET utf8mb4 COLLATE utf8mb4_general_ci NULL DEFAULT NULL COMMENT '创建人姓名',
  `create_time` datetime NULL DEFAULT CURRENT_TIMESTAMP COMMENT '创建时间',
  PRIMARY KEY (`id`) USING BTREE
) ENGINE = InnoDB CHARACTER SET = utf8mb4 COLLATE = utf8mb4_general_ci COMMENT = '用户角色' ROW_FORMAT = DYNAMIC;

-- ----------------------------
-- Records of sys_user_role
-- ----------------------------
INSERT INTO `sys_user_role` VALUES (1772137760035819521, 1111111111111111112, 1821474143493505026, NULL, NULL, NULL);
INSERT INTO `sys_user_role` VALUES (1814157583846318081, 1111111111111111111, 1565322827518140417, NULL, NULL, NULL);
INSERT INTO `sys_user_role` VALUES (1814157583846318082, 1111111111111111111, 1814157530326999042, NULL, NULL, NULL);
INSERT INTO `sys_user_role` VALUES (1821725303441784834, 1111111111111111113, 1821474216864464898, NULL, NULL, NULL);
INSERT INTO `sys_user_role` VALUES (1821725349231001602, 1111111111111111114, 1821474319369060354, NULL, NULL, NULL);
INSERT INTO `sys_user_role` VALUES (1821725376007438337, 1111111111111111115, 1821724954446331906, NULL, NULL, NULL);

-- ----------------------------
-- Table structure for wo_level
-- ----------------------------
DROP TABLE IF EXISTS `wo_level`;
CREATE TABLE `wo_level`  (
  `id` bigint NOT NULL COMMENT '主键ID',
  `title` varchar(128) CHARACTER SET utf8mb4 COLLATE utf8mb4_general_ci NULL DEFAULT NULL COMMENT '请假标题',
  `reason` varchar(256) CHARACTER SET utf8mb4 COLLATE utf8mb4_general_ci NULL DEFAULT NULL COMMENT '请假原因',
  `start_date` date NULL DEFAULT NULL COMMENT '开始日期',
  `end_date` date NULL DEFAULT NULL COMMENT '结束日期',
  `is_delete` tinyint(1) NULL DEFAULT NULL,
  `create_by` varchar(16) CHARACTER SET utf8mb4 COLLATE utf8mb4_general_ci NULL DEFAULT NULL COMMENT '创建人编码',
  `create_name` varchar(16) CHARACTER SET utf8mb4 COLLATE utf8mb4_general_ci NULL DEFAULT NULL COMMENT '创建人姓名',
  `create_time` datetime NULL DEFAULT CURRENT_TIMESTAMP COMMENT '创建时间',
  `tenant_id` bigint NULL DEFAULT NULL COMMENT '租户ID',
  PRIMARY KEY (`id`) USING BTREE
) ENGINE = InnoDB CHARACTER SET = utf8mb4 COLLATE = utf8mb4_general_ci COMMENT = 'oa请假记录表' ROW_FORMAT = DYNAMIC;

-- ----------------------------
-- Records of wo_level
-- ----------------------------

SET FOREIGN_KEY_CHECKS = 1;
